"ID","IDE_2","t_VEK_6","IDE_8","B2","VZD","VSO","NUTS2","NUTS3","t_ZIVUR","OV_1","IDE_1","PI_1a","PI_1b","PI_1c","PI_1d","PI_1e","PI_1f","PI_1p","PI_1q","PI_1z","PI_1aa","PI_1ab","PO_45a"
5211547,54,4,1,3,1,1,3,3,1,1,2,1,2,2,2,2,1,1,2,2,2,9,4
5211548,55,5,1,3,1,1,3,3,1,1,2,2,3,2,2,2,1,1,2,1,2,1,2
5211490,49,4,2,6,2,1,3,3,1,2,2,2,3,3,2,2,2,2,2,2,2,2,3
5211935,43,4,2,9,3,1,3,3,1,1,2,2,2,2,2,2,2,1,2,2,1,2,3
5211934,47,4,1,3,1,1,3,3,1,2,2,1,2,3,3,2,1,1,2,2,3,2,3
5211246,69,6,2,7,2,5,3,3,1,3,2,1,2,2,2,2,2,2,1,3,2,1,2
5211245,77,6,2,6,2,5,3,3,1,1,1,1,3,3,2,1,2,2,1,2,2,1,2
5211250,57,5,2,8,3,5,3,3,2,3,3,3,4,4,3,2,2,2,2,2,2,2,1
5211247,62,5,2,5,2,5,3,3,1,2,2,4,4,4,4,2,2,2,3,3,2,2,3
5211251,46,4,1,10,3,5,3,3,1,2,2,1,2,2,2,2,2,2,2,1,2,1,2
5211272,55,5,2,6,2,5,3,3,2,3,3,2,3,3,3,3,3,3,3,4,3,3,3
5211122,52,4,1,5,2,5,3,3,1,2,1,2,2,2,2,2,2,2,2,2,2,2,3
5211252,33,3,1,3,1,5,3,3,1,1,1,2,NA,9,9,2,9,2,NA,2,9,9,3
5211123,43,4,2,6,2,5,3,3,2,3,3,1,4,3,3,3,3,3,3,3,3,3,4
5211460,50,4,2,2,1,1,3,3,1,2,2,3,3,2,3,2,2,2,2,3,3,2,2
5211461,61,5,1,6,2,1,3,3,1,2,1,1,3,3,2,2,2,3,1,2,3,2,2
5211124,55,5,2,6,2,2,3,3,1,2,2,2,4,4,2,2,4,4,2,4,3,NA,2
5211125,39,3,2,3,1,2,3,3,1,3,2,2,3,3,2,1,2,1,1,1,1,1,2
5211126,60,5,1,10,3,2,3,3,1,2,2,2,3,3,4,2,2,2,2,3,4,2,2
5211127,36,3,1,3,1,2,3,3,1,2,2,3,4,4,3,2,2,1,2,4,3,2,2
5211270,51,4,1,5,2,2,3,3,2,3,3,1,2,3,2,1,2,2,1,2,3,1,2
5211253,78,6,1,6,2,2,3,3,1,2,2,3,3,3,NA,2,2,9,2,3,3,2,2
5211458,54,4,2,5,2,1,3,3,2,3,3,2,3,3,3,2,3,3,2,3,2,2,3
5211560,67,6,1,6,2,1,3,3,NA,NA,NA,4,4,4,4,3,2,2,2,4,4,2,1
5211549,53,4,2,7,2,1,3,3,2,3,3,2,3,3,3,2,1,1,2,3,2,2,3
5211128,75,6,2,7,2,3,3,3,1,1,1,1,2,2,2,2,2,3,2,2,1,2,1
5211129,81,6,2,8,3,3,3,3,1,2,2,4,4,4,4,9,2,2,2,4,2,2,1
5211130,64,5,2,6,2,3,3,3,1,2,2,2,3,3,3,2,3,3,2,3,2,2,2
5211131,59,5,2,8,3,2,3,3,1,2,2,2,3,3,9,9,3,3,2,2,9,2,2
5211132,48,4,1,2,1,2,3,3,1,2,2,4,4,4,4,3,3,3,4,4,4,2,2
5211133,49,4,1,10,3,1,3,3,1,1,1,2,2,2,2,2,2,1,2,2,2,1,2
5211134,57,5,2,7,2,1,3,3,1,3,2,3,4,3,3,2,2,2,3,2,2,2,3
5211618,34,3,1,9,3,4,3,3,1,2,2,2,3,3,3,3,3,3,3,3,3,2,3
5211606,78,6,2,6,2,4,3,3,2,2,3,1,2,3,2,3,3,2,1,3,3,2,2
5211614,19,1,2,2,1,4,3,3,1,1,1,1,2,3,1,2,2,2,2,1,2,1,1
5211608,75,6,1,8,3,2,3,3,1,2,2,4,4,4,4,2,2,2,2,4,3,2,1
5211462,59,5,2,4,1,2,3,3,3,3,4,3,3,4,4,3,3,3,3,2,3,3,2
5211319,57,5,2,7,2,3,3,3,2,3,3,4,4,4,4,4,4,4,4,4,4,3,3
5211320,53,4,2,5,2,3,3,3,1,2,2,3,4,4,4,2,2,2,2,2,2,1,3
5211463,60,5,1,3,1,4,3,3,1,1,2,2,2,2,2,2,2,2,2,2,2,2,2
5211518,46,4,2,4,1,4,3,3,1,2,2,4,3,4,4,3,2,2,1,3,3,2,2
5211589,69,6,2,6,2,1,3,3,2,2,3,2,3,2,3,2,1,1,2,1,1,1,3
5211566,72,6,2,6,2,1,3,3,2,2,3,4,4,4,3,2,2,2,2,3,3,2,2
5211770,31,3,2,9,3,1,3,3,1,2,2,3,4,3,3,2,9,2,2,3,4,2,3
5211528,71,6,1,6,2,2,3,3,3,4,4,2,4,3,1,2,3,4,2,2,3,1,1
5211480,43,4,1,5,2,1,3,3,1,2,1,3,4,4,9,9,1,1,2,3,2,2,3
5211481,64,5,2,6,2,1,3,3,1,2,2,2,4,3,3,3,2,2,3,3,2,2,2
5211479,39,3,1,10,3,2,3,3,1,1,1,1,1,2,2,2,2,3,2,2,2,1,1
5211917,40,4,2,10,3,3,3,3,1,2,2,4,4,3,2,2,2,2,2,4,3,3,1
5211941,62,5,2,3,1,3,3,3,1,2,2,3,4,3,4,2,4,4,2,3,3,2,2
5211918,30,3,2,10,3,3,3,3,1,2,2,3,3,3,2,2,3,4,2,2,9,1,1
5211919,71,6,2,10,3,3,3,3,1,1,2,2,2,2,1,2,3,3,2,2,2,2,1
5211755,65,6,1,8,3,4,3,3,1,2,2,1,2,2,2,2,2,2,2,2,2,1,2
5211924,60,5,1,6,2,1,3,3,1,3,2,NA,3,3,3,9,1,1,9,NA,4,9,4
5211857,63,5,1,5,2,1,3,3,1,1,2,4,4,4,4,3,1,1,3,4,3,3,2
5211850,27,2,2,9,3,1,3,3,1,2,2,1,2,3,3,9,2,2,2,2,2,2,2
5211754,46,4,2,10,3,1,3,3,1,1,2,1,3,3,3,1,2,2,1,3,2,1,3
5211709,40,4,1,6,2,3,3,3,1,2,2,1,2,2,2,2,4,4,2,1,3,1,1
5211708,55,5,2,6,2,3,3,3,1,1,2,1,3,3,2,2,3,4,2,4,4,3,2
5211623,55,5,1,6,2,4,3,3,2,3,3,2,3,3,3,2,2,2,3,2,3,2,3
5211631,31,3,2,6,2,4,3,3,2,2,3,2,4,3,4,3,3,3,3,3,3,2,3
5211633,34,3,2,3,1,4,3,3,2,2,3,3,3,3,3,2,2,2,2,2,1,1,3
5211758,65,6,1,3,1,4,3,3,1,3,2,4,4,3,4,3,3,3,4,3,3,3,2
5211632,33,3,2,10,3,4,3,3,1,2,2,2,2,2,2,2,2,2,2,2,2,2,3
5211933,51,4,2,3,1,1,3,3,1,2,2,2,3,3,3,3,1,1,2,2,2,2,3
5211925,48,4,2,6,2,1,3,3,2,3,3,2,3,3,3,2,1,1,2,2,2,2,3
5211672,57,5,2,7,2,1,3,3,3,4,4,3,4,4,4,3,2,2,3,3,2,1,2
5211673,46,4,1,6,2,1,3,3,1,5,2,1,2,2,2,2,2,2,2,1,2,1,1
5211940,56,5,1,10,3,2,3,3,1,1,1,1,4,4,2,2,1,1,1,2,3,2,3
5211759,30,3,2,9,3,3,3,3,1,4,2,2,3,3,3,3,3,2,2,2,1,1,4
5211711,18,1,1,2,1,3,3,3,2,2,3,2,3,4,3,3,9,2,9,3,2,1,3
5211730,27,2,2,10,3,3,3,3,1,2,2,2,3,3,3,2,2,2,2,2,2,1,2
5211729,18,1,2,2,1,3,3,3,1,2,2,2,2,2,3,2,3,1,2,2,2,3,3
5211731,40,4,2,9,3,3,3,3,1,2,2,3,4,3,3,2,2,2,2,3,2,3,2
5211710,66,6,1,6,2,3,3,3,1,2,2,2,2,3,3,2,2,1,2,3,3,2,3
5211653,69,6,2,10,3,3,3,3,2,2,3,9,4,3,3,9,3,4,9,2,2,2,2
5211726,45,4,2,6,2,3,3,3,1,1,1,2,3,2,2,2,2,2,1,2,2,2,3
5211974,45,4,2,8,3,3,3,3,1,1,2,1,3,3,3,2,2,2,2,1,1,1,3
5211914,42,4,2,3,1,3,6,11,1,2,2,2,3,3,2,3,3,2,2,2,2,2,3
5211930,20,2,2,3,1,3,6,11,1,2,2,1,3,3,9,9,9,2,9,3,9,9,4
5211915,68,6,2,6,2,3,6,11,2,2,3,3,4,4,4,3,3,3,3,4,3,2,2
5211916,67,6,2,6,2,3,6,11,1,1,2,1,2,3,3,2,4,4,2,1,2,2,2
5211861,56,5,2,4,1,2,6,11,2,4,3,3,3,3,3,3,3,3,3,3,3,2,2
5211847,56,5,2,8,3,3,6,11,1,2,2,1,2,2,2,2,2,2,1,2,2,2,3
5212026,82,6,2,3,1,2,6,11,2,2,3,3,4,3,3,2,2,2,2,4,4,2,1
5212027,46,4,2,6,2,2,6,11,1,1,2,1,3,3,3,2,2,1,2,2,1,1,4
5211813,40,4,2,6,2,1,6,11,2,2,3,4,4,4,4,4,4,2,4,4,4,2,3
5211987,19,1,2,2,1,6,6,11,2,4,3,3,3,3,3,2,2,2,2,2,1,2,3
5211135,70,6,1,6,2,6,6,11,3,3,4,3,3,3,4,3,2,2,3,3,3,2,1
5211714,21,2,2,7,2,6,6,11,2,2,3,2,3,3,3,2,3,1,2,2,1,2,3
5211616,17,1,2,2,1,6,6,11,1,2,2,2,3,2,3,2,2,2,3,2,2,2,3
5211702,27,2,2,6,2,6,6,11,1,2,2,1,2,2,1,1,1,1,1,2,3,2,2
5211742,17,1,1,2,1,6,6,11,1,1,1,1,2,2,1,2,2,2,1,2,2,2,2
5211619,23,2,2,7,2,6,6,11,1,2,2,1,3,3,2,2,2,1,2,2,2,2,3
5211972,49,4,2,3,1,6,6,11,2,3,3,3,4,3,4,3,2,2,4,3,3,9,2
5211913,65,6,2,3,1,6,6,11,2,3,3,3,3,3,3,2,2,2,2,3,2,2,3
5211682,61,5,2,9,3,6,6,11,1,2,2,2,4,3,3,2,3,3,2,4,2,2,2
5211912,83,6,1,11,3,6,6,11,1,4,2,4,4,3,3,9,2,2,9,4,3,1,3
5211683,54,4,2,3,1,6,6,11,1,4,2,2,4,4,4,3,3,4,3,2,2,2,4
5211692,20,2,2,7,2,6,6,11,1,2,2,1,9,9,9,9,9,2,9,2,2,1,3
5211856,36,3,1,4,1,6,6,11,2,2,3,4,4,4,4,3,2,2,2,3,1,2,2
5211694,69,6,2,6,2,6,6,11,2,4,3,4,4,4,3,4,4,3,3,4,3,3,3
5211973,19,1,2,2,1,6,6,11,2,3,3,1,2,2,2,2,2,2,2,2,2,2,2
5211744,28,2,2,10,3,6,6,11,1,2,2,1,2,2,2,2,9,9,2,1,2,1,3
5211849,18,1,1,7,2,6,6,11,1,2,1,1,1,2,3,1,2,3,1,1,4,2,1
5211690,22,2,2,7,2,6,6,11,2,4,3,1,2,2,2,2,2,2,2,1,1,1,1
5211293,46,4,2,9,3,6,6,11,1,2,2,2,2,2,2,2,2,2,2,2,2,2,3
5211529,19,1,2,2,1,6,6,11,1,2,2,4,3,3,3,2,2,2,2,3,2,2,3
5211136,71,6,2,11,3,6,6,11,1,1,2,4,4,3,3,2,2,3,2,4,4,2,2
5212049,25,2,1,7,2,6,6,11,1,1,2,2,2,2,2,3,3,2,3,2,3,1,4
5211137,31,3,2,10,3,6,6,11,1,2,2,1,2,3,2,NA,NA,NA,2,2,2,2,3
5211765,35,3,2,3,1,6,6,11,1,3,2,4,4,4,4,9,9,9,9,4,9,9,3
5211701,72,6,2,3,1,6,6,11,2,2,3,3,4,4,3,9,3,3,9,3,3,2,2
5211271,16,1,1,1,1,6,6,11,1,2,2,3,1,2,2,3,2,2,3,2,3,2,2
5211138,55,5,1,3,1,6,6,11,1,2,2,4,3,3,3,2,2,2,2,3,4,2,2
5211139,27,2,1,5,2,6,6,11,1,4,2,4,4,4,4,NA,4,4,4,4,1,1,2
5211140,42,4,2,9,3,6,6,11,2,3,3,4,4,4,4,3,3,2,3,4,4,2,1
5211141,22,2,2,7,2,6,6,11,1,2,2,1,2,2,2,2,2,2,1,1,2,2,3
5211986,16,1,1,2,1,6,6,11,1,1,2,3,4,4,3,3,3,2,3,3,4,2,1
5211325,60,5,2,4,1,6,6,11,1,2,2,3,2,3,2,2,1,1,2,2,3,1,2
5211142,28,2,2,9,3,6,6,11,2,2,3,1,2,2,1,1,2,1,1,2,2,2,2
5211523,24,2,1,9,3,6,6,11,1,2,1,1,2,3,2,2,2,2,2,2,2,1,4
5211689,62,5,2,9,3,6,6,11,1,2,2,4,4,3,2,2,2,2,2,3,2,2,2
5211984,66,6,2,3,1,6,6,11,2,4,3,4,4,3,4,2,2,2,9,3,3,9,3
5211318,61,5,1,4,1,6,6,11,2,2,3,2,3,3,3,2,2,2,1,2,2,2,3
5211693,17,1,1,2,1,6,6,11,1,2,2,3,3,3,3,3,3,3,4,3,3,3,3
5211680,66,6,1,6,2,6,6,11,1,2,2,2,2,2,2,2,2,2,2,2,2,2,2
5211911,40,4,1,10,3,6,6,11,1,2,1,1,2,2,1,2,3,2,2,2,2,1,2
5211871,29,2,1,7,2,6,6,11,2,2,3,2,3,3,3,3,2,2,3,2,2,2,3
5211691,26,2,2,9,3,6,6,11,1,2,2,1,3,2,2,3,2,2,9,2,2,1,4
5211681,23,2,1,6,2,6,6,11,2,2,3,1,2,2,2,3,1,2,4,1,1,1,2
5211920,52,4,1,6,2,1,6,11,1,2,2,3,4,3,4,2,1,1,2,3,3,2,3
5211931,64,5,2,2,1,1,6,11,2,2,3,1,2,2,2,1,1,1,2,3,1,1,3
5211722,24,2,2,7,2,2,6,11,1,1,1,1,2,2,2,3,2,2,3,2,1,1,2
5211456,31,3,1,10,3,2,6,11,1,2,1,2,3,3,3,3,2,2,3,2,2,2,4
5211143,20,2,1,2,1,1,6,11,1,1,1,2,2,2,2,2,2,2,2,2,2,2,2
5211292,49,4,1,5,2,1,6,11,2,3,3,1,2,2,2,2,2,1,2,1,2,2,3
5211923,52,4,2,7,2,3,6,11,3,4,4,4,4,3,3,9,3,2,9,4,3,2,2
5211921,38,3,1,3,1,2,6,11,1,1,2,1,1,2,1,2,1,1,2,1,2,1,1
5211922,48,4,1,3,1,2,6,11,2,4,3,3,4,4,4,4,4,4,4,3,2,2,4
5211724,44,4,1,3,1,1,6,11,3,3,4,3,4,3,9,9,2,2,9,3,3,2,4
5211700,57,5,2,3,1,1,6,11,2,3,3,3,3,3,3,3,3,3,3,3,3,3,3
5211663,50,4,1,3,1,4,6,11,1,2,2,3,3,2,2,3,2,2,3,2,9,2,3
5211757,20,2,2,2,1,4,6,11,2,3,3,3,3,3,3,2,1,1,3,3,3,3,4
5211735,53,4,1,7,2,4,6,11,1,1,2,2,4,4,3,3,3,2,3,2,2,9,1
5211699,87,6,1,6,2,3,6,11,2,2,3,3,3,3,3,3,2,2,2,3,3,1,2
5211784,21,2,2,7,2,2,6,11,1,2,2,1,2,3,3,2,3,2,2,2,2,1,4
5211785,45,4,2,6,2,2,6,11,1,1,1,2,3,3,2,2,2,2,2,2,2,2,3
5211144,68,6,2,3,1,2,6,11,1,2,2,4,4,3,3,3,2,3,2,4,3,2,1
5211145,54,4,2,6,2,1,6,11,1,2,2,1,2,2,2,2,2,1,2,1,1,1,2
5211146,56,5,2,6,2,1,6,11,1,2,2,1,9,9,2,2,2,2,2,2,9,9,1
5211531,19,1,1,2,1,2,6,11,1,2,2,2,2,2,2,2,2,2,2,3,3,2,3
5211860,37,3,2,3,1,3,6,11,2,2,3,3,4,4,3,3,3,3,3,2,3,2,3
5211147,51,4,2,3,1,1,6,11,1,2,2,1,2,2,2,2,3,3,3,2,2,2,3
5211844,43,4,1,6,2,2,6,11,1,2,2,2,2,2,2,2,2,3,2,2,2,2,2
5211869,67,6,2,3,1,2,6,11,1,2,2,2,3,2,3,2,2,2,2,3,3,2,2
5211840,72,6,1,3,1,3,6,11,1,1,1,1,2,2,2,2,1,1,2,2,1,1,2
5211858,16,1,1,2,1,3,6,11,1,2,1,1,1,2,3,1,2,1,2,3,2,1,3
5211848,58,5,2,6,2,3,6,11,2,4,3,NA,3,3,3,3,2,2,NA,3,9,9,3
5211841,73,6,2,6,2,3,6,11,3,3,4,3,4,4,4,3,3,2,2,3,2,2,3
5211842,63,5,1,9,3,3,6,11,1,1,1,2,3,2,2,2,2,2,2,2,2,1,1
5211643,25,2,1,6,2,1,6,11,1,2,2,2,4,3,3,2,3,4,2,2,2,2,3
5211698,64,5,1,6,2,1,6,11,2,2,3,4,4,4,4,9,2,3,3,4,4,9,2
5211760,41,4,1,6,2,2,6,11,1,1,1,2,3,3,2,2,2,3,2,2,2,2,3
5211725,68,6,2,6,2,1,6,11,1,2,2,2,9,3,2,9,2,2,2,3,2,2,3
5211872,43,4,1,9,3,1,6,11,1,2,2,1,2,2,2,2,2,2,1,2,2,2,2
5211624,58,5,2,6,2,1,4,5,2,2,3,2,3,2,3,2,1,2,2,2,2,2,2
5211148,54,4,2,6,2,2,4,5,1,2,2,2,3,3,2,3,4,4,3,3,3,2,2
5211149,73,6,2,3,1,3,4,5,1,2,2,3,4,3,3,2,2,2,2,2,3,2,3
5211150,69,6,2,6,2,3,4,5,3,3,4,1,3,1,3,9,2,2,3,4,3,2,2
5211151,44,4,1,3,1,3,4,5,2,2,3,1,2,2,2,3,3,2,2,2,2,2,2
5211961,42,4,2,6,2,1,4,5,1,2,2,3,4,3,3,2,2,1,2,4,2,2,4
5211152,58,5,1,10,3,5,5,8,1,1,2,1,2,2,1,9,2,1,2,1,3,1,2
5211854,52,4,2,10,3,5,5,8,1,2,1,3,4,3,3,2,3,2,2,4,2,2,1
5211827,65,6,1,6,2,5,5,8,1,2,1,3,4,2,4,3,2,3,3,3,2,2,3
5211752,47,4,2,6,2,5,5,8,1,2,2,2,3,3,2,2,2,2,2,2,2,2,3
5211153,50,4,2,8,3,5,5,8,2,2,3,3,4,4,4,3,4,3,3,3,3,2,3
5211734,52,4,1,4,1,1,5,8,1,2,2,2,2,3,2,2,2,2,2,2,2,2,3
5212003,37,3,1,10,3,3,5,8,1,1,1,1,2,2,2,2,2,3,2,2,4,2,3
5211927,45,4,2,6,2,3,5,8,1,2,2,2,3,3,3,2,2,2,2,2,2,2,4
5211928,59,5,1,9,3,1,5,8,2,3,3,4,4,4,4,4,3,3,4,3,3,2,3
5212073,50,4,1,10,3,3,5,8,1,2,2,2,2,2,2,9,9,9,9,1,2,2,2
5211154,83,6,2,8,3,4,5,7,1,2,2,2,2,3,2,3,2,2,3,2,3,2,2
5211155,65,6,2,6,2,4,5,7,1,2,2,2,3,3,2,2,2,2,2,2,2,2,2
5211156,49,4,1,5,2,1,5,7,1,2,1,3,4,4,4,2,2,2,2,2,2,3,2
5211157,68,6,2,4,1,1,5,7,1,2,2,2,3,4,2,9,2,2,9,2,9,9,2
5211158,70,6,2,3,1,1,5,7,2,2,3,2,3,3,3,2,2,1,2,2,2,2,2
5211500,54,4,2,6,2,3,5,7,2,3,3,2,4,4,3,3,2,2,3,2,2,1,3
5211727,35,3,1,6,2,5,5,7,2,3,3,3,4,3,3,3,3,3,3,4,3,2,3
5211676,72,6,2,6,2,5,5,7,1,2,2,9,4,4,9,3,3,3,3,2,2,2,2
5211582,36,3,1,6,2,5,5,7,2,3,3,4,4,3,3,3,3,3,3,4,4,2,1
5211538,47,4,1,6,2,5,5,7,1,3,2,9,1,1,1,1,1,1,1,1,1,9,4
5211679,70,6,1,6,2,5,5,7,1,2,2,2,3,2,3,2,2,2,2,2,3,2,2
5211159,53,4,1,6,2,3,5,7,2,2,3,4,4,3,3,2,2,2,3,3,2,2,2
5212038,60,5,1,10,3,3,5,7,1,1,1,2,2,2,2,2,2,2,2,2,3,2,1
5211723,61,5,1,10,3,2,8,14,1,2,2,1,2,2,2,2,2,2,2,2,3,2,3
5211160,73,6,1,3,1,5,8,14,2,3,3,3,4,3,4,2,2,2,2,4,3,2,1
5211161,40,4,2,3,1,5,8,14,1,2,2,4,4,4,4,3,3,3,3,4,2,2,3
5211559,55,5,1,9,3,5,8,14,1,1,1,4,4,4,3,2,2,2,2,4,2,2,2
5211162,56,5,1,3,1,5,8,14,2,3,3,3,4,3,4,3,2,2,3,2,2,2,3
5211697,45,4,2,10,3,2,8,14,2,2,3,2,4,4,3,3,2,2,3,2,2,2,2
5211684,35,3,1,6,2,2,8,14,2,3,3,3,4,3,3,3,2,2,2,4,3,2,2
5211314,47,4,2,10,3,1,7,13,1,2,2,2,2,3,2,3,2,1,3,2,3,2,2
5211163,79,6,2,3,1,3,8,14,1,2,2,4,4,3,4,2,2,2,2,3,3,2,2
5211164,61,5,2,3,1,1,8,14,3,2,4,3,4,4,4,2,2,1,3,2,2,2,2
5211275,53,4,1,10,3,1,8,14,1,2,2,1,2,2,1,3,2,2,3,1,2,1,3
5211308,20,2,1,2,1,1,8,14,1,1,1,3,4,4,4,2,3,2,2,2,2,2,4
5211276,47,4,1,6,2,1,8,14,1,2,2,2,3,3,3,3,2,2,3,2,3,3,2
5211932,57,5,1,3,1,1,8,14,2,2,3,3,4,4,4,3,2,2,3,4,3,2,2
5211611,43,4,1,3,1,1,8,14,1,2,2,1,2,2,2,2,1,1,2,3,2,2,3
5211644,31,3,1,7,2,1,8,14,1,1,1,1,2,2,1,2,1,1,1,1,3,1,3
5211165,56,5,2,6,2,6,8,14,2,2,3,4,4,4,3,3,2,2,2,2,2,2,1
5211166,35,3,2,6,2,6,8,14,1,2,2,2,3,3,3,2,2,2,2,2,2,3,3
5211464,63,5,1,10,3,6,8,14,1,1,1,1,2,2,3,2,1,1,2,3,3,1,3
5211167,48,4,1,6,2,6,8,14,1,2,2,1,1,2,2,2,2,2,2,1,2,1,2
5211168,54,4,1,10,3,6,8,14,1,2,2,1,2,3,2,2,2,2,9,2,3,2,2
5211169,44,4,2,6,2,6,8,14,3,3,4,3,4,4,3,3,3,3,3,4,2,2,3
5211242,38,3,2,6,2,6,8,14,2,3,3,2,2,2,2,2,2,2,2,2,2,2,3
5211170,20,2,2,6,2,6,8,14,1,2,1,1,2,2,2,3,3,2,9,1,2,1,3
5211862,46,4,1,8,3,6,8,14,1,2,2,3,4,4,4,2,2,1,2,2,4,3,2
5211171,37,3,1,9,3,6,8,14,1,2,1,1,1,2,2,2,2,2,2,2,9,1,2
5211172,66,6,1,6,2,6,8,14,2,2,3,3,4,3,4,2,3,2,3,4,2,2,1
5211954,58,5,2,10,3,6,8,14,1,2,2,3,3,3,3,2,2,2,2,2,3,2,2
5211173,40,4,2,10,3,6,8,14,1,2,2,2,2,2,9,2,9,2,2,2,2,2,3
5211696,45,4,2,5,2,6,8,14,1,2,2,4,4,4,4,3,3,3,3,3,3,3,4
5211116,84,6,2,3,1,6,8,14,1,2,2,3,4,3,3,2,2,2,2,2,3,2,3
5211470,43,4,1,3,1,5,8,14,1,2,2,2,2,2,2,2,2,2,2,2,2,2,2
5211604,35,3,2,10,3,5,8,14,1,2,2,2,9,3,9,2,2,2,2,2,2,2,3
5211274,62,5,1,10,3,3,8,14,1,1,2,1,2,3,2,3,3,3,3,2,4,1,2
5211465,34,3,2,9,3,5,8,14,2,2,3,1,NA,2,2,2,NA,2,2,2,2,2,3
5211466,38,3,1,10,3,5,8,14,2,2,3,4,4,4,4,2,2,2,2,3,2,2,2
5211473,59,5,2,10,3,5,8,14,1,2,2,2,3,3,3,2,2,2,2,2,2,1,3
5211474,31,3,2,3,1,5,8,14,1,2,2,3,3,3,3,2,2,2,2,2,2,2,4
5211475,30,3,1,9,3,5,8,14,1,2,2,2,3,3,3,3,2,2,2,3,3,2,3
5211457,48,4,1,9,3,5,8,14,1,1,1,1,1,2,2,2,2,1,2,1,2,1,2
5211587,53,4,2,6,2,5,8,14,3,3,4,NA,NA,NA,NA,NA,NA,NA,NA,NA,NA,NA,4
5211467,44,4,2,6,2,5,8,14,1,2,2,1,2,2,2,2,2,1,2,2,3,2,2
5211471,75,6,2,4,1,5,8,14,1,2,2,2,3,4,4,2,2,2,2,2,2,2,2
5211468,64,5,2,6,2,5,8,14,1,2,2,3,3,3,2,2,2,2,2,2,2,2,3
5211174,42,4,1,6,2,2,8,14,1,2,2,1,1,2,2,2,2,2,2,1,2,1,3
5211254,57,5,1,10,3,3,8,14,1,1,1,1,2,2,2,2,4,4,3,2,3,1,1
5211455,44,4,1,10,3,3,8,14,1,2,2,1,3,3,1,2,1,1,2,2,2,1,3
5211269,20,2,1,2,1,3,8,14,2,3,3,4,4,4,4,4,4,4,4,4,4,4,2
5211255,45,4,1,6,2,3,8,14,1,2,2,1,2,2,2,2,2,2,2,2,3,2,3
5211175,41,4,2,6,2,2,8,14,2,2,3,1,3,3,3,2,2,2,2,3,1,1,3
5211176,64,5,2,6,2,2,8,14,1,1,2,1,2,2,2,2,2,1,2,2,2,1,2
5211117,70,6,2,2,1,2,8,14,2,2,3,2,3,3,3,3,1,1,9,2,2,3,3
5211281,50,4,1,8,3,3,8,14,3,3,4,3,4,3,3,9,9,9,9,4,3,1,3
5211833,56,5,2,5,2,4,8,14,1,2,2,1,2,2,2,2,1,1,2,2,2,1,2
5211824,38,3,2,10,3,4,8,14,1,2,2,1,3,3,3,2,2,2,2,2,2,1,4
5211825,62,5,1,3,1,4,8,14,1,2,2,4,4,2,4,9,2,2,9,3,2,9,2
5211834,47,4,1,3,1,4,8,14,1,2,2,1,1,2,2,2,2,2,2,2,1,2,3
5211882,80,6,1,6,2,4,8,14,1,1,2,1,1,2,1,3,1,1,2,1,3,1,1
5211489,73,6,1,10,3,4,8,14,1,1,1,1,1,1,1,2,2,1,2,1,1,1,1
5211521,58,5,2,4,1,4,8,14,1,2,2,2,3,3,3,2,2,2,2,3,2,2,3
5211826,59,5,2,10,3,1,8,14,1,2,1,1,2,2,2,9,2,2,9,2,9,2,NA
5211177,61,5,1,3,1,4,8,14,1,2,2,2,3,2,2,2,2,2,2,3,3,3,2
5212023,25,2,2,7,2,4,8,14,1,2,2,2,3,2,2,3,2,2,NA,2,2,1,2
5211178,63,5,2,3,1,4,8,14,2,2,3,2,2,2,2,2,2,2,2,2,2,2,2
5211179,69,6,2,2,1,1,8,14,3,3,4,4,4,3,4,3,2,2,3,3,9,9,4
5211316,50,4,1,6,2,3,8,14,1,2,2,3,4,3,3,9,2,1,9,2,3,2,4
5211180,43,4,1,10,3,4,8,14,1,2,2,1,2,2,2,2,2,2,2,1,2,1,2
5211181,74,6,1,3,1,4,8,14,1,1,1,1,2,3,2,3,2,2,3,2,3,2,2
5211182,31,3,2,6,2,2,8,14,2,2,3,1,2,2,2,9,2,2,9,2,2,1,2
5211183,28,2,1,6,2,2,8,14,2,3,3,2,4,3,4,9,4,4,9,2,9,2,3
5211184,31,3,1,10,3,3,8,14,1,2,2,1,2,2,2,2,1,1,4,2,3,1,1
5211185,34,3,2,5,2,2,8,14,1,1,2,2,3,2,2,2,1,1,3,2,2,1,3
5211186,51,4,2,7,2,2,8,14,1,2,2,3,3,4,4,3,3,4,3,3,NA,NA,3
5211187,17,1,2,2,1,2,8,14,1,1,1,1,3,3,2,9,2,1,3,1,1,1,2
5211188,73,6,1,3,1,2,8,14,1,2,2,2,3,3,2,2,2,2,9,2,3,2,2
5211626,51,4,1,3,1,5,7,12,3,3,4,2,4,3,2,2,2,2,2,2,3,1,3
5211189,22,2,2,6,2,5,7,12,1,2,2,2,3,3,3,2,2,2,2,3,2,2,3
5211651,41,4,2,10,3,5,7,12,1,2,2,2,3,3,3,9,9,9,9,3,9,9,3
5211620,57,5,1,6,2,5,7,12,1,2,2,2,2,3,3,2,3,3,2,3,2,2,3
5211650,23,2,1,7,2,5,7,12,1,1,1,1,2,2,2,3,3,3,3,1,9,2,3
5211190,39,3,1,6,2,5,7,12,1,2,2,1,1,2,1,2,3,3,2,1,2,1,2
5211666,56,5,2,6,2,3,7,12,1,2,2,4,4,4,4,3,2,2,3,3,3,2,1
5211677,80,6,2,6,2,3,7,12,3,3,4,3,3,3,3,9,2,2,9,3,3,2,2
5211664,21,2,2,6,2,3,7,12,1,2,1,2,2,2,2,2,2,2,2,2,2,2,2
5211695,48,4,1,10,3,3,7,12,1,2,2,2,2,2,2,2,2,2,9,2,NA,1,1
5211678,18,1,1,3,1,3,7,12,1,2,1,1,2,2,2,3,2,1,2,1,2,1,1
5211665,66,6,2,10,3,3,7,12,2,2,3,2,9,3,2,9,3,3,2,2,2,2,2
5211607,73,6,2,10,3,4,7,12,2,3,3,4,4,3,4,3,3,3,3,4,3,4,3
5211630,78,6,2,6,2,4,7,12,1,3,2,2,NA,NA,NA,NA,9,NA,NA,3,9,9,3
5211256,38,3,1,3,1,4,7,12,2,2,3,3,2,3,3,2,2,2,2,2,2,2,4
5211629,71,6,1,10,3,4,7,12,1,2,2,2,NA,2,2,9,2,2,9,2,3,2,2
5211605,39,3,1,6,2,3,7,12,1,3,2,1,4,4,4,3,2,3,2,2,2,2,3
5211191,49,4,2,9,3,3,7,12,2,2,3,4,4,4,3,9,2,9,9,4,4,9,2
5211192,70,6,1,10,3,3,7,12,1,2,2,2,3,4,3,2,2,2,2,2,2,2,2
5211244,50,4,2,6,2,3,7,12,1,2,2,2,3,3,3,3,1,2,2,3,2,2,3
5211193,55,5,2,6,2,3,7,12,1,2,2,2,3,3,3,2,2,2,2,2,2,2,2
5211315,50,4,2,4,1,1,7,12,1,1,2,2,2,2,2,2,2,2,2,2,2,1,4
5211304,52,4,1,10,3,1,7,12,2,2,3,3,3,3,3,2,2,2,2,2,2,1,3
5211194,50,4,2,10,3,1,7,12,1,1,1,3,4,4,3,2,1,1,2,4,4,2,4
5211195,42,4,1,9,3,1,7,12,1,2,2,3,4,4,3,4,2,2,4,4,4,3,2
5211120,87,6,1,3,1,1,7,12,1,2,2,2,2,9,2,9,2,1,9,2,9,1,3
5211257,60,5,2,7,2,1,7,12,1,2,2,3,3,3,3,3,2,2,3,3,3,3,3
5211258,16,1,1,2,1,1,7,12,2,4,3,2,3,3,3,3,2,1,3,3,2,2,4
5211259,21,2,2,6,2,1,7,12,2,3,3,2,3,3,3,2,2,2,2,3,3,2,4
5211260,77,6,2,3,1,1,7,12,1,3,2,3,4,3,3,3,2,2,2,3,2,2,2
5211261,38,3,1,9,3,1,7,12,1,2,2,1,2,2,1,3,2,2,2,2,2,1,1
5211317,51,4,1,7,2,1,7,12,2,4,3,3,3,3,3,2,2,2,2,3,3,2,2
5211262,46,4,2,6,2,1,7,12,2,3,3,2,2,2,2,2,2,2,2,2,2,1,2
5211300,68,6,1,10,3,2,7,12,1,2,2,4,4,3,2,2,2,2,2,3,3,2,3
5211301,22,2,2,7,2,2,7,12,1,2,2,3,4,4,4,3,3,3,3,2,2,2,4
5211299,49,4,2,4,1,2,7,12,1,2,2,2,2,2,2,1,1,1,2,2,2,2,3
5211303,24,2,1,7,2,2,7,12,1,2,2,2,3,3,3,2,1,1,2,3,9,9,3
5211322,62,5,1,3,1,1,7,12,1,1,2,2,2,2,2,2,3,3,2,2,9,2,2
5211613,38,3,2,10,3,1,7,12,3,5,5,2,3,3,3,3,3,3,3,2,3,2,2
5211567,69,6,1,2,1,1,7,12,1,1,1,1,1,1,1,2,2,1,2,1,3,3,1
5211568,25,2,2,2,1,1,7,12,2,1,3,1,4,3,3,3,3,2,3,4,4,4,4
5211569,37,3,1,10,3,1,7,12,2,2,3,2,3,3,2,3,3,3,2,2,2,2,3
5211278,71,6,1,10,3,1,7,12,3,4,4,4,4,3,4,9,4,4,9,4,3,2,1
5211282,44,4,2,3,1,1,7,12,1,5,1,1,2,2,2,2,4,4,2,2,2,2,3
5211279,68,6,2,2,1,1,7,12,2,3,3,4,4,4,4,4,3,4,4,4,4,4,2
5211313,53,4,1,3,1,1,7,12,1,1,1,3,3,3,3,3,2,2,3,2,3,2,2
5211305,57,5,2,6,2,1,7,12,1,2,2,1,2,2,2,2,4,4,1,1,2,2,1
5211196,54,4,2,10,3,1,7,12,1,2,2,1,9,9,9,9,2,2,9,9,9,2,4
5211306,58,5,2,6,2,4,7,12,1,2,2,3,3,3,3,2,2,2,2,3,3,3,2
5211273,26,2,1,6,2,4,7,12,1,3,2,1,3,2,2,2,2,2,3,1,2,1,4
5211277,65,6,2,3,1,2,7,12,1,2,2,3,2,2,3,2,1,2,2,3,3,2,3
5211674,27,2,2,8,3,2,7,12,3,3,4,2,2,2,2,3,4,3,2,2,2,2,3
5211546,56,5,1,6,2,2,7,12,1,2,2,2,3,3,2,2,2,2,2,2,3,2,2
5211321,79,6,2,6,2,1,7,12,1,3,2,4,4,4,4,4,2,2,3,3,3,3,3
5211482,72,6,2,8,3,1,7,12,2,2,3,3,3,3,2,9,2,2,9,2,2,2,3
5211501,41,4,2,6,2,1,7,12,1,1,2,2,3,3,4,2,2,2,3,3,2,2,3
5211574,76,6,2,6,2,5,5,9,2,2,3,4,4,4,4,3,3,2,3,3,2,2,3
5211197,77,6,1,6,2,5,5,9,1,2,2,2,2,3,2,3,2,2,3,2,3,2,3
5211478,22,2,2,6,2,5,5,9,1,2,2,3,3,2,2,3,3,1,2,2,2,2,4
5211198,50,4,2,10,3,5,5,9,1,2,2,3,3,3,3,2,2,2,2,3,3,2,3
5211537,74,6,1,7,2,5,5,9,1,2,2,3,3,2,3,2,2,1,2,2,3,2,3
5211283,20,2,1,7,2,5,5,9,2,2,3,1,2,2,2,3,3,3,3,2,2,1,4
5211199,52,4,2,9,3,5,5,9,2,3,3,2,3,2,2,3,3,2,4,3,3,2,3
5211503,67,6,2,6,2,5,5,9,1,2,1,1,2,3,2,2,1,1,2,2,9,2,3
5211612,66,6,2,3,1,5,5,9,3,2,4,4,3,2,3,2,2,4,2,2,2,2,2
5211200,59,5,2,8,3,5,5,9,1,2,2,2,3,3,3,2,2,2,2,2,3,2,2
5211201,33,3,2,3,1,5,5,9,2,3,3,3,3,3,3,2,2,3,2,3,2,2,3
5211202,35,3,2,6,2,4,5,9,1,2,2,1,2,3,2,2,3,2,2,2,2,2,3
5211609,36,3,1,3,1,4,5,9,2,2,3,1,3,2,2,2,2,2,3,2,2,1,2
5211203,30,3,1,10,3,4,5,9,1,2,2,2,2,2,2,2,2,2,2,2,2,1,3
5211204,74,6,1,10,3,4,5,9,1,1,2,2,3,2,3,2,2,3,2,3,2,2,2
5211249,37,3,2,8,3,2,5,9,2,3,3,3,4,3,3,3,2,2,3,3,3,2,3
5211205,36,3,1,6,2,2,5,9,1,2,2,1,4,4,2,3,1,2,3,2,2,1,2
5211206,86,6,2,6,2,2,5,9,2,2,3,2,3,2,2,2,2,2,2,2,2,1,3
5211207,66,6,2,7,2,2,5,9,2,2,3,2,2,2,2,2,2,2,2,3,2,2,4
5211263,58,5,2,10,3,1,5,9,1,2,2,2,2,3,2,2,1,1,9,2,3,2,2
5211522,69,6,2,5,2,2,5,9,1,2,2,3,3,4,2,3,2,2,3,3,4,2,2
5211520,56,5,2,10,3,2,5,9,1,1,1,1,1,2,2,NA,2,2,NA,2,3,2,2
5211556,74,6,2,3,1,1,5,9,1,NA,2,2,4,9,9,2,2,1,2,2,2,1,2
5211208,29,2,2,6,2,1,5,9,1,2,2,NA,NA,NA,NA,NA,NA,NA,NA,NA,NA,NA,NA
5211209,43,4,2,10,3,1,5,9,1,2,2,1,2,2,2,2,1,1,2,1,1,1,2
5211728,62,5,1,5,2,2,5,9,1,2,2,2,2,2,2,2,2,2,2,2,2,2,3
5211327,70,6,2,4,1,1,5,9,1,2,2,2,2,3,2,2,2,2,2,2,3,2,4
5211119,81,6,2,2,1,1,5,9,1,2,2,3,3,3,3,2,1,1,2,3,3,2,2
5211326,64,5,2,3,1,1,5,9,1,2,2,4,4,4,2,2,2,2,3,4,3,2,1
5211767,78,6,2,7,2,1,5,9,3,3,4,4,4,4,3,9,2,2,9,4,3,2,3
5211881,28,2,2,10,3,3,5,9,1,2,2,2,2,3,2,2,2,2,9,1,2,1,3
5211210,78,6,2,6,2,3,5,9,2,2,3,2,3,3,3,9,2,2,9,2,2,1,3
5211211,69,6,1,11,3,3,5,9,1,3,2,3,3,3,3,3,3,3,3,3,3,2,2
5211212,23,2,2,6,2,3,5,9,1,1,2,1,2,3,2,3,2,2,3,1,1,1,3
5211213,33,3,2,9,3,3,5,9,1,1,2,2,2,3,2,2,2,2,2,2,2,2,2
5211214,49,4,2,4,1,3,5,9,1,2,2,2,3,3,3,3,2,2,3,2,2,2,2
5211215,48,4,1,6,2,3,5,9,1,1,1,2,2,2,2,2,2,2,2,2,2,1,2
5211216,63,5,2,6,2,3,5,9,1,2,2,2,2,2,2,2,2,1,2,2,3,2,2
5211217,75,6,2,7,2,3,5,9,1,2,2,3,4,4,4,9,2,1,9,3,9,3,2
5211625,74,6,1,6,2,1,5,9,1,1,2,3,4,4,4,2,1,2,2,3,4,2,1
5211218,60,5,2,3,1,1,5,9,1,2,2,1,1,2,1,2,3,3,2,2,3,2,1
5211584,33,3,1,3,1,1,5,9,1,1,2,3,4,3,3,2,2,2,2,4,2,1,3
5211852,45,4,1,9,3,2,5,9,1,2,2,3,3,3,3,3,2,2,3,3,3,2,2
5211284,56,5,1,4,1,3,5,9,1,2,2,2,2,3,2,2,2,2,2,2,3,2,2
5211290,56,5,2,6,2,3,5,9,2,3,3,2,4,4,4,2,2,2,2,3,3,2,2
5211291,62,5,2,6,2,3,5,9,1,2,2,2,3,2,3,3,3,4,4,2,3,1,3
5211310,67,6,1,9,3,3,5,9,1,2,2,3,3,3,3,2,2,2,2,3,4,2,2
5211285,19,1,1,2,1,3,5,9,1,3,1,1,1,3,2,2,2,2,2,1,9,1,2
5211219,60,5,2,6,2,1,5,9,3,4,4,4,4,4,4,9,2,2,9,3,9,9,2
5211220,21,2,1,6,2,1,5,9,2,2,3,4,4,4,4,3,1,1,3,3,3,3,4
5211837,32,3,2,6,2,1,5,9,1,2,2,2,3,3,3,2,2,1,2,3,2,2,3
5211544,48,4,2,3,1,1,5,9,2,2,3,2,3,3,2,2,2,2,2,3,2,2,3
5211536,60,5,2,10,3,1,5,9,1,2,2,2,3,3,2,2,2,1,2,2,2,1,3
5211541,42,4,2,6,2,1,5,9,3,3,4,2,3,3,2,3,3,2,2,2,2,2,1
5211843,74,6,2,6,2,3,5,9,1,2,2,1,2,3,2,2,2,1,2,2,1,1,1
5211761,65,6,2,10,3,3,5,9,1,2,2,2,3,3,2,2,3,3,2,2,2,1,2
5211766,64,5,1,3,1,3,5,9,1,2,2,2,2,2,2,2,2,1,2,3,9,2,3
5211535,50,4,1,3,1,1,5,9,1,2,2,2,2,2,2,2,2,2,2,2,2,2,2
5211641,75,6,1,6,2,3,5,9,2,2,3,4,4,3,3,9,9,9,2,3,9,2,2
5211640,42,4,1,6,2,3,5,9,2,2,3,4,4,3,2,2,2,3,2,3,2,2,2
5211476,81,6,1,10,3,5,3,4,1,2,2,4,3,3,4,2,2,2,2,3,2,2,1
5211492,20,2,1,5,2,5,3,4,2,1,3,1,2,1,2,2,2,1,2,1,1,1,3
5211221,79,6,1,10,3,5,3,4,2,4,3,3,3,3,3,3,3,3,3,3,4,2,3
5211488,20,2,2,5,2,5,3,4,1,1,1,1,2,2,2,2,2,2,2,1,2,1,2
5211469,51,4,2,3,1,5,3,4,1,2,2,4,4,4,2,2,2,2,2,3,3,2,3
5211454,72,6,1,6,2,5,3,4,2,2,3,1,2,2,2,3,2,2,3,2,2,1,2
5211570,71,6,1,10,3,5,3,4,1,2,1,3,3,3,2,3,2,2,3,4,2,2,1
5211472,26,2,1,10,3,5,3,4,1,2,1,1,3,2,2,2,2,1,2,2,2,1,4
5211539,59,5,2,2,1,5,3,4,1,1,1,2,3,3,2,2,1,1,1,2,2,2,1
5211564,61,5,1,3,1,4,3,4,1,2,2,3,4,3,3,2,2,2,2,4,4,3,1
5211588,61,5,2,10,3,4,3,4,1,2,2,1,2,2,2,2,1,1,2,2,2,2,2
5211115,28,2,2,10,3,4,3,4,3,4,4,2,9,9,9,9,9,2,9,2,2,1,4
5211565,35,3,1,5,2,1,3,4,1,2,2,2,2,2,2,2,2,2,2,2,2,2,2
5211514,64,5,2,10,3,1,3,4,1,2,2,2,4,4,4,2,2,2,2,2,2,1,2
5211111,74,6,1,4,1,1,3,4,2,2,3,1,3,1,1,2,3,2,1,2,1,1,4
5211112,26,2,1,6,2,3,3,4,1,1,2,3,3,3,3,2,2,3,3,3,2,2,3
5211515,65,6,1,10,3,3,3,4,2,2,3,3,3,3,3,3,3,3,3,2,3,2,3
5211545,41,4,1,6,2,3,3,4,2,2,3,4,4,3,4,3,3,3,4,3,3,2,2
5211648,69,6,2,5,2,2,3,4,1,2,2,3,3,3,3,NA,2,2,9,3,3,2,2
5211118,47,4,1,5,2,1,3,4,1,2,1,1,1,1,1,2,2,2,2,1,2,2,1
5211241,72,6,2,6,2,1,3,4,1,2,2,2,2,3,2,2,2,2,2,2,3,3,2
5211960,36,3,1,6,2,2,3,4,1,1,2,1,2,2,2,2,1,1,2,1,2,2,2
5211222,17,1,1,2,1,2,3,4,1,1,1,2,3,3,3,2,2,1,2,2,2,2,4
5211223,34,3,2,2,1,2,3,4,2,2,3,2,3,3,3,3,2,2,3,3,2,2,2
5211645,72,6,1,10,3,3,3,4,1,1,2,3,4,4,2,2,2,2,2,3,2,1,1
5211224,43,4,1,7,2,6,1,1,1,2,2,1,2,2,2,2,1,1,2,2,2,1,2
5211505,52,4,1,3,1,6,1,1,1,2,2,2,4,3,3,3,3,2,3,2,2,2,3
5211885,54,4,1,3,1,6,1,1,1,2,2,1,2,2,2,2,2,2,2,1,3,1,3
5211753,21,2,1,7,2,6,1,1,1,3,1,1,2,2,1,9,9,9,9,1,9,1,2
5211685,26,2,2,6,2,6,1,1,1,2,2,1,2,2,2,2,2,2,2,1,3,2,4
5211225,83,6,2,8,3,6,1,1,2,2,3,2,3,3,3,3,2,2,2,3,3,2,1
5211887,41,4,1,10,3,6,1,1,1,1,1,1,2,3,2,3,3,2,3,2,3,2,3
5211657,36,3,1,10,3,6,1,1,1,1,2,1,3,3,2,2,2,2,2,1,3,1,2
5211499,72,6,2,6,2,6,1,1,1,2,2,1,2,2,2,2,2,2,2,1,2,2,2
5211801,53,4,2,4,1,6,1,1,2,2,3,3,4,3,3,4,3,3,4,2,3,2,4
5211779,55,5,2,3,1,6,1,1,2,3,3,2,3,3,3,3,3,3,3,2,3,2,4
5211835,43,4,1,3,1,6,1,1,1,2,2,2,4,3,3,3,2,2,3,1,3,2,3
5211775,30,3,1,6,2,6,1,1,1,1,2,1,2,2,2,2,2,2,2,1,3,1,3
5211890,67,6,2,3,1,6,1,1,3,2,4,2,3,3,3,3,3,3,3,2,3,2,3
5211781,25,2,1,6,2,6,1,1,2,1,3,1,2,2,2,2,2,2,2,1,2,1,4
5211517,17,1,1,2,1,6,1,1,1,2,2,1,2,2,2,2,2,2,2,1,1,1,3
5211888,36,3,1,3,1,6,1,1,3,3,4,2,3,3,2,3,3,2,3,1,3,2,3
5211883,79,6,1,10,3,6,1,1,1,2,2,1,3,2,2,2,2,2,2,1,3,1,3
5211772,51,4,1,3,1,6,1,1,2,2,3,2,3,3,2,3,2,2,2,2,3,2,3
5211226,66,6,1,11,3,6,1,1,2,3,3,4,4,4,4,2,3,3,4,4,4,2,2
5211658,38,3,1,10,3,6,1,1,1,1,2,1,2,2,1,2,2,2,2,1,2,2,3
5211302,54,4,2,10,3,6,1,1,1,2,2,2,3,3,2,2,2,2,2,2,2,2,2
5211800,37,3,2,6,2,6,1,1,2,2,3,2,2,2,2,2,2,2,2,1,2,2,3
5211777,34,3,1,3,1,6,1,1,2,1,3,2,3,3,3,3,3,2,3,2,3,2,4
5211904,38,3,2,3,1,6,1,1,2,2,3,2,3,9,9,9,9,9,9,2,3,1,4
5211905,41,4,1,3,1,6,1,1,2,2,3,3,4,3,3,4,9,9,3,2,4,2,3
5211519,55,5,1,3,1,6,1,1,3,4,5,3,4,3,3,3,3,2,3,2,2,2,3
5211498,35,3,2,10,3,6,1,1,1,2,2,1,2,2,2,2,2,2,2,1,2,2,3
5211889,34,3,1,3,1,6,1,1,2,2,3,3,4,4,4,4,4,4,4,2,4,2,4
5211227,28,2,1,7,2,6,1,1,1,1,2,2,3,3,2,3,3,3,3,2,2,1,4
5211836,38,3,2,8,3,6,1,1,2,2,3,2,4,3,2,2,2,2,2,2,3,2,4
5211228,35,3,2,10,3,6,1,1,1,2,2,2,2,2,2,2,1,2,2,2,2,2,3
5211902,39,3,1,10,3,6,1,1,1,2,2,1,2,2,2,2,2,2,2,1,2,1,3
5211229,58,5,2,3,1,6,1,1,1,2,2,2,3,3,2,3,3,3,3,2,2,2,3
5211903,35,3,1,3,1,6,1,1,1,2,2,2,9,3,2,9,9,2,9,2,9,2,4
5211230,57,5,2,3,1,6,1,1,2,2,3,4,4,4,3,4,3,4,3,3,2,2,3
5211797,38,3,1,9,3,6,1,1,1,2,2,1,4,4,2,4,3,2,4,1,3,2,3
5211802,51,4,1,3,1,6,1,1,3,2,4,2,3,3,3,4,2,2,3,1,3,2,3
5211780,78,6,2,3,1,6,1,1,2,2,3,1,2,2,2,2,2,2,2,1,2,1,3
5211895,19,1,1,2,1,6,1,1,2,2,3,2,2,2,2,2,2,2,2,1,2,2,4
5211894,42,4,1,6,2,6,1,1,2,2,3,2,4,3,3,4,3,2,3,1,3,1,3
5211756,70,6,2,10,3,6,1,1,2,3,3,4,4,4,4,4,4,4,4,4,3,3,2
5211773,72,6,2,3,1,6,1,1,3,3,4,4,4,4,4,4,4,3,4,2,3,2,3
5211312,25,2,1,3,1,6,1,1,1,1,1,1,2,2,2,2,2,2,2,2,1,1,1
5211286,51,4,1,10,3,6,1,1,1,2,2,1,2,2,2,2,2,2,2,1,2,2,2
5211504,37,3,2,10,3,6,1,1,1,1,2,1,2,2,2,2,2,2,2,1,3,2,3
5211782,51,4,1,3,1,6,1,1,1,3,2,2,3,3,2,3,2,2,3,1,3,2,4
5211893,25,2,1,3,1,6,1,1,2,2,3,2,3,3,3,3,3,3,3,2,3,3,4
5211896,26,2,2,9,3,6,1,1,1,2,2,1,2,2,2,2,2,2,2,1,9,2,4
5211908,64,5,1,3,1,6,1,1,1,1,2,2,3,3,2,3,3,2,3,2,2,1,3
5211231,45,4,2,8,3,6,1,1,1,1,1,1,2,2,3,2,2,2,3,2,3,1,3
5211891,48,4,1,10,3,6,1,1,1,1,2,1,2,2,2,2,2,2,2,1,2,2,2
5211886,29,2,1,5,2,6,1,1,1,2,2,2,3,9,9,9,9,9,9,2,3,1,3
5211506,42,4,1,10,3,6,1,1,1,1,1,1,2,2,2,2,2,2,2,1,2,2,2
5211898,54,4,2,3,1,6,1,1,2,2,3,2,3,3,2,4,9,9,3,1,3,2,4
5211909,46,4,1,3,1,6,1,1,1,2,2,2,3,3,9,4,9,9,2,1,4,2,3
5211798,31,3,1,3,1,6,1,1,2,2,3,2,4,4,4,4,9,9,4,1,3,1,3
5211774,30,3,2,5,2,6,1,1,1,1,1,1,2,2,2,2,2,2,2,1,3,1,4
5211899,45,4,1,3,1,6,1,1,3,3,4,3,4,3,3,4,3,3,4,3,4,2,3
5211900,78,6,2,6,2,6,1,1,2,2,3,2,3,3,2,2,9,2,3,1,3,1,4
5211686,32,3,2,6,2,6,1,1,1,2,2,1,2,3,2,3,3,2,3,1,2,2,3
5211901,30,3,1,3,1,6,1,1,1,1,2,1,3,2,2,9,9,9,2,1,3,1,4
5211910,54,4,1,6,2,6,1,1,2,3,3,2,4,3,3,4,3,9,3,1,3,2,3
5211799,48,4,2,6,2,6,1,1,1,2,2,1,3,3,2,3,3,2,3,1,2,1,4
5211783,35,3,1,6,2,6,1,1,1,1,1,1,2,2,2,2,2,2,1,1,2,1,3
5211906,42,4,2,10,3,6,1,1,1,2,2,2,2,2,2,2,2,2,2,1,2,1,3
5211907,51,4,2,10,3,6,1,1,1,1,1,2,2,2,2,2,2,1,2,1,3,1,3
5211892,51,4,1,10,3,6,1,1,1,1,1,1,2,2,2,2,1,1,2,1,3,1,2
5211897,39,3,1,6,2,6,1,1,2,2,3,1,3,3,2,4,3,3,4,2,3,2,3
5211778,42,4,1,10,3,6,1,1,1,2,2,1,2,2,2,2,2,2,3,1,3,1,2
5211516,40,4,1,10,3,6,1,1,1,2,2,1,2,2,2,2,2,2,2,2,2,2,2
5211776,32,3,2,3,1,6,1,1,1,1,1,2,2,2,2,2,2,2,2,1,2,1,4
5211311,42,4,1,10,3,6,1,1,2,2,3,2,3,3,3,3,3,3,3,2,3,3,3
5211287,35,3,1,10,3,6,1,1,1,1,2,1,2,2,2,2,2,2,2,2,2,2,3
5211578,32,3,2,6,2,2,2,2,1,1,2,2,2,2,2,2,2,2,2,1,2,2,4
5211579,32,3,2,6,2,2,2,2,2,1,3,1,2,2,2,2,2,2,2,2,2,2,4
5211581,55,5,1,3,1,2,2,2,2,2,3,2,3,2,2,2,2,2,2,1,3,3,4
5211580,30,3,1,3,1,2,2,2,1,2,2,1,2,2,2,2,2,2,2,2,2,2,4
5211295,27,2,2,6,2,1,2,2,1,2,2,2,2,2,2,2,2,2,2,2,2,2,3
5211296,55,5,1,6,2,1,2,2,1,2,2,2,3,2,2,2,2,1,1,2,2,2,3
5211298,21,2,2,6,2,1,2,2,2,1,3,1,2,2,9,9,2,1,1,1,2,1,3
5211297,54,4,1,3,1,1,2,2,2,3,3,2,3,3,3,3,2,1,2,2,2,3,3
5211745,75,6,1,6,2,1,2,2,1,2,2,1,3,3,2,2,2,1,2,1,3,2,3
5211746,71,6,1,3,1,1,2,2,1,1,2,1,2,2,2,2,2,2,1,1,3,1,4
5211747,35,3,1,3,1,1,2,2,3,3,5,4,4,4,4,4,2,1,2,3,4,2,3
5211748,34,3,2,3,1,1,2,2,1,1,2,1,2,2,2,2,2,1,1,1,2,1,2
5211864,57,5,1,10,3,1,2,2,1,2,2,1,2,2,2,2,1,1,1,1,2,1,1
5211926,54,4,1,3,1,2,2,2,1,2,2,2,3,3,3,2,3,3,3,2,3,2,3
5211617,27,2,1,10,3,1,2,2,1,1,2,1,2,2,1,1,1,1,2,1,3,2,2
5211601,43,4,1,3,1,1,2,2,3,3,4,4,4,3,3,3,3,2,2,2,4,4,3
5211600,42,4,1,3,1,1,2,2,2,2,3,4,4,3,3,3,3,2,2,2,3,3,3
5211602,57,5,1,10,3,1,2,2,1,2,1,1,2,2,2,2,2,1,2,1,2,2,3
5211599,26,2,1,3,1,1,2,2,1,2,2,1,2,2,2,2,2,2,2,1,2,2,3
5211563,48,4,2,3,1,1,2,2,3,2,4,1,3,2,2,2,2,2,2,1,3,2,4
5211562,60,5,1,2,1,1,2,2,2,2,3,3,4,3,3,2,2,2,2,2,3,2,3
5211558,30,3,2,3,1,1,2,2,3,3,4,2,4,3,3,2,2,2,2,2,2,3,4
5211509,47,4,1,3,1,3,2,2,1,2,2,2,2,2,2,2,2,2,2,1,2,2,2
5211508,37,3,1,3,1,3,2,2,2,2,3,3,4,3,3,3,3,2,2,2,2,2,4
5211550,52,4,1,3,1,3,2,2,3,5,5,4,4,4,4,4,4,3,3,2,4,3,3
5211323,48,4,1,3,1,3,2,2,3,2,4,3,4,3,3,3,2,2,2,3,3,2,2
5211511,60,5,1,3,1,3,2,2,2,2,3,3,3,3,3,3,3,3,3,2,3,2,3
5211507,54,4,1,3,1,3,2,2,2,3,3,3,4,3,3,3,2,2,2,3,3,3,4
5211551,78,6,1,2,1,3,2,2,3,4,5,3,4,4,3,3,3,2,3,2,3,3,3
5211324,57,5,2,3,1,3,2,2,3,2,4,4,4,4,4,3,2,2,2,2,2,2,3
5211510,47,4,1,10,3,3,2,2,1,1,1,1,2,2,2,2,2,1,2,1,2,2,2
5211494,76,6,2,3,1,3,2,2,2,2,3,1,3,2,2,2,2,2,2,1,2,2,3
5211496,50,4,2,6,2,3,2,2,2,2,3,1,2,2,2,2,2,2,2,2,2,2,3
5211493,54,4,1,6,2,3,2,2,2,2,3,1,3,2,2,2,2,2,2,1,1,1,3
5211763,79,6,1,3,1,2,2,2,2,2,3,4,4,4,4,3,3,3,3,4,2,2,2
5211764,45,4,2,9,3,2,2,2,2,2,3,2,3,3,3,2,2,2,2,2,2,2,3
5211865,46,4,2,3,1,1,2,2,1,2,2,2,3,3,3,3,2,1,2,1,3,1,4
5211750,17,1,2,2,1,1,2,2,1,2,2,1,2,2,2,2,2,2,2,1,2,1,4
5211749,68,6,1,3,1,1,2,2,3,2,4,4,4,4,4,4,2,2,2,2,4,2,4
5211497,62,5,2,6,2,3,2,2,1,2,2,3,4,3,3,3,3,3,3,2,2,2,3
5211512,45,4,1,4,1,3,2,2,2,3,3,4,4,4,4,2,2,2,2,3,3,3,2
5211264,65,6,2,10,3,1,2,2,2,2,3,2,3,3,2,3,3,3,3,3,3,2,3
5211603,35,3,2,10,3,1,2,2,2,2,3,2,3,3,3,2,2,2,2,3,4,1,3
5211232,54,4,2,10,3,5,2,2,1,2,2,2,2,2,1,2,2,2,2,2,2,1,2
5211646,50,4,1,6,2,5,2,2,1,2,2,1,2,2,2,2,3,3,2,2,2,1,2
5211846,76,6,1,3,1,4,2,2,1,1,1,2,3,3,3,2,2,1,2,3,3,1,2
5211610,17,1,1,2,1,1,2,2,1,2,2,1,2,2,2,2,2,9,9,1,2,1,3
5211265,51,4,1,3,1,3,2,2,1,2,2,2,3,3,3,2,2,2,2,2,2,2,3
5211795,39,3,2,3,1,1,2,2,1,1,2,1,2,2,2,2,2,2,2,2,1,1,3
5211794,55,5,1,3,1,1,2,2,2,2,3,2,3,3,3,9,2,1,2,2,3,2,4
5211796,30,3,2,3,1,1,2,2,2,2,3,1,3,3,3,3,2,2,2,1,3,2,4
5211793,29,2,2,6,2,1,2,2,1,1,2,1,2,2,2,2,2,1,2,1,2,1,4
5211555,64,5,2,3,1,2,2,2,3,2,5,3,4,4,3,4,4,2,2,2,3,2,4
5211552,54,4,1,10,3,2,2,2,2,2,3,1,2,2,2,2,2,2,2,2,2,2,3
5211561,42,4,2,3,1,2,2,2,2,2,3,2,3,3,2,2,2,1,2,1,3,1,3
5211554,53,4,1,2,1,2,2,2,3,4,5,3,4,3,3,3,3,2,3,2,3,3,3
5211868,45,4,1,3,1,3,2,2,3,5,5,3,4,4,4,4,3,2,2,2,4,2,4
5211486,20,2,1,2,1,1,2,2,1,1,2,1,2,2,1,2,2,2,2,1,2,2,2
5211484,36,3,1,6,2,1,2,2,1,1,2,1,2,2,2,2,2,1,2,1,2,1,3
5211485,68,6,2,3,1,1,2,2,3,2,4,2,3,2,2,2,2,1,2,1,3,3,3
5211487,53,4,2,3,1,1,2,2,3,3,4,2,3,3,3,2,2,2,2,2,3,2,3
5211533,35,3,2,3,1,1,2,2,3,2,4,1,3,2,2,2,2,2,2,1,2,2,4
5211532,32,3,2,9,3,1,2,2,1,1,2,2,3,2,2,2,2,2,2,1,2,2,4
5211527,32,3,2,6,2,1,2,2,1,2,2,2,2,2,2,2,2,2,2,2,2,2,4
5211867,32,3,2,7,2,1,2,2,1,2,2,1,2,2,2,2,2,2,2,1,2,2,3
5211817,32,3,2,6,2,3,2,2,1,1,2,1,2,2,2,2,2,1,1,1,2,2,4
5211819,42,4,2,10,3,3,2,2,1,1,2,1,2,2,2,2,2,1,1,1,2,2,3
5211822,70,6,2,3,1,3,2,2,3,2,4,3,4,3,3,3,3,2,2,2,3,2,3
5211816,39,3,1,3,1,3,2,2,1,1,2,1,2,2,2,2,2,2,2,1,3,2,4
5211821,41,4,1,3,1,3,2,2,3,5,5,2,3,3,3,2,3,2,2,2,3,2,3
5211820,80,6,2,3,1,3,2,2,2,1,3,1,2,2,2,2,2,2,2,1,2,1,3
5211818,43,4,1,3,1,3,2,2,1,2,2,2,3,3,2,3,2,2,3,2,3,2,4
5211866,76,6,1,2,1,3,2,2,2,2,3,2,9,2,2,9,9,2,2,1,9,1,3
5211815,71,6,1,3,1,3,2,2,2,2,3,3,4,4,3,9,2,2,2,2,3,2,3
5211814,50,4,1,3,1,3,2,2,1,2,2,1,4,3,2,2,2,2,2,2,2,2,3
5211459,56,5,1,5,2,1,2,2,2,3,3,3,3,3,3,3,4,4,3,3,3,3,3
5211266,38,3,1,6,2,1,2,2,1,2,2,2,4,4,4,3,2,2,3,3,4,3,2
5211586,67,6,1,3,1,3,2,2,1,2,2,2,1,2,1,1,2,1,1,1,2,2,1
5211649,18,1,2,5,2,1,2,2,1,2,2,2,3,3,3,3,2,2,2,3,2,2,3
5211811,53,4,1,3,1,3,2,2,1,3,2,2,2,2,2,2,2,2,2,1,3,2,2
5211812,77,6,2,3,1,3,2,2,1,2,2,2,4,3,3,3,3,2,2,2,3,2,4
5211477,49,4,1,3,1,1,2,2,2,2,3,2,3,3,3,3,2,2,2,2,2,2,3
5211524,35,3,2,6,2,1,2,2,2,2,3,2,3,2,2,2,2,2,2,1,2,2,3
5211877,56,5,1,3,1,1,2,2,2,2,3,2,3,3,3,3,1,1,2,2,3,2,3
5211878,43,4,1,6,2,1,2,2,1,2,2,1,2,2,2,1,1,1,1,1,3,1,3
5211880,39,3,2,3,1,1,2,2,2,2,3,3,4,3,3,3,2,2,2,2,3,2,3
5211879,71,6,2,2,1,1,2,2,2,1,3,1,2,2,2,2,2,1,1,1,2,1,4
5211662,53,4,2,2,1,2,2,2,3,3,5,2,3,2,2,2,2,2,2,2,3,3,3
5211669,59,5,2,3,1,1,2,2,2,1,3,3,3,3,3,3,2,2,2,2,3,2,3
5211668,17,1,2,2,1,1,2,2,1,2,2,1,2,2,2,2,2,1,1,1,2,1,4
5211667,31,3,1,6,2,1,2,2,1,2,2,1,2,2,2,2,2,1,2,1,3,2,3
5211863,16,1,1,2,1,1,2,2,2,2,3,1,9,9,9,9,9,9,9,1,2,1,4
5211670,35,3,2,10,3,2,2,2,2,1,3,1,2,2,2,2,2,2,2,1,2,2,3
5211671,56,5,1,3,1,2,2,2,3,3,4,2,4,3,3,3,2,2,2,1,3,2,3
5211660,36,3,2,6,2,2,2,2,2,3,3,2,3,2,2,2,2,2,2,2,3,2,4
5211661,28,2,1,3,1,2,2,2,3,3,5,2,4,3,2,3,2,2,2,2,3,2,3
5211659,36,3,2,6,2,2,2,2,2,1,3,1,4,3,2,3,2,1,1,1,3,2,4
5211884,26,2,1,3,1,1,2,2,2,2,3,2,3,3,2,2,1,1,2,1,3,2,3
5211638,48,4,2,6,2,2,2,2,1,1,2,1,2,2,2,2,2,1,2,1,3,2,3
5211637,59,5,1,4,1,2,2,2,3,5,5,3,4,3,3,3,2,2,2,2,3,2,3
5211639,47,4,2,3,1,2,2,2,2,1,3,2,3,3,3,2,2,1,1,1,2,2,4
5211792,71,6,1,3,1,1,2,2,1,1,2,1,2,2,2,2,2,1,2,1,3,1,3
5211790,40,4,1,3,1,1,2,2,3,2,4,4,4,4,4,3,4,2,2,3,3,2,3
5211791,36,3,2,3,1,1,2,2,1,2,2,1,3,3,2,2,1,1,2,1,3,1,4
5211807,26,2,1,3,1,3,2,2,2,2,3,4,4,4,4,4,3,2,2,2,4,2,4
5211810,47,4,1,10,3,3,2,2,1,1,1,1,2,2,2,2,2,1,1,1,3,1,3
5211804,53,4,1,3,1,3,2,2,2,2,3,2,3,3,3,2,2,2,2,2,3,2,3
5211809,17,1,2,2,1,3,2,2,1,1,2,1,2,2,1,2,2,1,1,1,2,1,4
5211806,56,5,2,3,1,3,2,2,3,3,5,2,3,3,3,3,2,2,2,1,3,1,4
5211803,54,4,2,3,1,3,2,2,2,2,3,2,3,2,2,2,2,2,2,1,2,3,4
5211805,51,4,1,3,1,3,2,2,2,2,3,3,4,3,3,2,2,1,2,3,3,2,3
5211808,41,4,1,6,2,3,2,2,2,3,3,2,3,3,2,3,2,2,2,2,3,2,3
5211788,18,1,2,2,1,1,2,2,1,2,2,1,9,9,9,9,2,2,2,1,9,1,4
5211786,53,4,1,3,1,1,2,2,3,3,4,2,4,3,2,2,2,2,2,2,3,3,3
5211787,41,4,1,10,3,1,2,2,1,1,1,1,2,2,2,2,2,1,1,1,3,2,2
5211789,62,5,2,3,1,1,2,2,2,2,3,1,3,3,3,2,1,1,1,1,3,1,4
5211732,77,6,2,3,1,2,2,2,2,2,3,1,2,2,2,2,2,2,2,2,1,2,4
5211713,54,4,1,6,2,2,2,2,2,2,3,1,3,2,2,2,2,2,2,1,3,2,3
5211712,58,5,1,3,1,2,2,2,2,2,3,1,2,2,2,2,2,1,2,1,2,2,2
5211733,77,6,2,4,1,2,2,2,2,1,3,1,3,3,2,2,1,1,2,1,3,1,4
5211577,59,5,1,3,1,1,2,2,1,1,1,1,1,1,1,1,1,1,1,1,2,1,2
5211875,38,3,2,10,3,1,2,2,1,2,2,1,2,2,2,2,2,1,1,1,3,1,3
5211876,51,4,2,3,1,1,2,2,1,2,2,1,2,2,2,2,3,1,2,1,3,1,4
5211874,74,6,2,3,1,1,2,2,2,1,3,1,3,3,2,2,2,1,1,1,3,2,3
5211873,17,1,2,2,1,2,2,2,1,1,2,1,2,2,2,2,1,1,2,2,2,1,4
5211675,58,5,1,10,3,3,2,2,1,1,2,1,2,2,1,1,2,2,1,1,2,1,1
5211939,59,5,1,3,1,3,2,2,1,2,2,2,3,3,3,3,2,2,NA,2,2,2,3
5211243,21,2,1,7,2,1,2,2,1,3,2,2,3,2,2,9,2,2,9,2,2,2,2
5211267,16,1,1,1,1,1,2,2,1,2,1,1,3,3,3,2,2,2,2,2,3,2,4
5211280,28,2,2,6,2,4,4,6,2,2,3,3,4,4,2,3,3,3,3,4,3,2,4
5211233,18,1,2,2,1,4,4,6,1,4,2,4,4,3,4,3,2,3,9,4,2,2,2
5211294,59,5,1,4,1,4,4,6,1,2,2,3,4,3,4,2,3,3,2,4,4,3,3
5211491,36,3,1,10,3,3,4,6,1,3,2,2,3,3,3,3,3,4,3,2,3,1,1
5211234,49,4,1,5,2,3,4,6,1,2,2,2,3,3,2,2,2,2,2,2,3,2,1
5211235,16,1,1,2,1,1,4,6,1,2,1,2,3,3,3,3,2,1,9,4,1,3,4
5211236,65,6,2,3,1,1,4,6,2,2,3,3,4,3,3,2,3,3,2,4,3,2,1
5211237,19,1,1,2,1,1,4,6,1,2,2,1,4,3,2,3,2,1,3,2,2,3,3
5211238,38,3,2,10,3,4,4,6,1,2,2,2,3,3,2,3,3,4,3,2,1,1,2
5211595,20,2,2,2,1,1,4,6,2,1,3,1,2,2,2,2,2,2,2,2,2,2,3
5211596,40,4,1,6,2,1,4,6,2,2,3,1,2,2,2,2,2,2,2,1,2,2,3
5211598,35,3,2,3,1,1,4,6,1,2,2,1,3,2,2,2,2,2,2,1,2,2,3
5211597,57,5,1,3,1,1,4,6,3,3,4,3,4,3,3,3,3,2,3,2,3,2,4
5211591,55,5,2,10,3,1,4,6,1,2,2,1,2,2,2,2,2,2,2,1,2,2,3
5211592,73,6,2,3,1,1,4,6,1,1,2,3,4,3,3,3,2,2,2,2,3,2,2
5211593,57,5,2,3,1,1,4,6,3,2,4,1,3,2,2,2,2,1,1,1,3,2,4
5211594,78,6,2,3,1,1,4,6,2,2,3,1,3,2,2,2,2,1,2,1,3,2,4
5211642,47,4,1,4,1,3,4,6,3,4,4,4,4,4,3,3,4,4,4,4,3,4,2
5211621,45,4,2,10,3,3,4,6,2,3,3,2,4,3,2,2,2,2,2,2,2,2,2
5211622,32,3,2,4,1,3,4,6,2,2,3,2,2,3,2,2,2,2,9,2,2,2,3
5211719,50,4,2,4,1,5,4,6,1,2,2,3,3,3,3,3,3,4,3,3,2,2,2
5211647,67,6,1,6,2,5,4,6,1,2,2,3,4,3,3,3,2,2,2,3,2,2,3
5211688,81,6,2,6,2,5,4,6,2,2,3,2,2,2,2,9,9,2,9,3,9,9,2
5211839,46,4,1,3,1,5,4,6,1,2,2,1,3,3,2,3,3,4,3,2,2,2,3
5211717,34,3,2,9,3,5,4,6,2,2,3,1,2,2,2,2,2,2,2,3,2,2,2
5211838,73,6,2,10,3,5,4,6,1,3,2,1,3,3,2,9,9,3,9,2,9,1,2
5211718,52,4,2,3,1,5,4,6,2,2,3,2,3,3,3,3,2,2,3,2,2,2,3
5211936,75,6,2,3,1,4,4,6,1,2,2,4,4,4,3,3,3,2,3,2,2,3,3
5211937,24,2,1,6,2,4,4,6,1,2,2,1,2,2,2,2,3,4,2,1,3,2,3
5211938,78,6,1,4,1,4,4,6,1,2,2,4,3,3,4,2,2,2,2,3,3,2,2
5211248,22,2,1,6,2,2,6,10,2,2,3,2,3,3,2,2,2,2,2,3,2,2,4
5211239,45,4,1,10,3,1,6,10,1,3,2,3,3,3,2,2,2,2,2,2,2,1,2
5211240,40,4,2,5,2,1,6,10,1,2,2,2,3,3,3,2,2,2,3,3,2,2,3
5211707,73,6,2,4,1,4,6,10,1,1,2,1,9,2,2,2,2,2,2,9,1,9,2
5211741,60,5,2,10,3,4,6,10,1,2,2,2,4,4,4,3,2,2,9,3,2,1,2
5211687,47,4,1,7,2,4,6,10,2,3,3,4,4,3,4,2,3,3,2,3,4,2,2
5211743,46,4,1,5,2,4,6,10,1,2,2,2,2,2,2,2,2,2,2,2,2,2,2
5211740,39,3,2,3,1,4,6,10,1,3,2,2,2,3,4,3,3,2,3,1,2,3,4
5211823,59,5,1,4,1,1,6,10,1,2,2,2,3,4,4,9,2,2,2,3,3,2,1
5211768,69,6,1,6,2,1,6,10,1,2,2,2,2,3,2,2,2,2,9,2,9,2,2
5211769,71,6,2,6,2,1,6,10,1,2,2,2,3,3,3,3,2,2,2,2,2,2,2
5211583,23,2,1,7,2,3,6,10,1,2,2,2,2,2,2,2,2,2,2,2,2,2,3
5211575,70,6,1,10,3,3,6,10,1,2,2,1,2,3,2,2,2,2,2,2,2,2,3
5211590,53,4,2,3,1,3,6,10,2,2,3,4,4,4,NA,9,2,2,NA,4,9,3,2
5211654,33,3,1,6,2,1,6,10,1,2,2,4,4,4,4,4,2,2,4,4,4,4,3
5211655,27,2,2,7,2,1,6,10,1,3,2,2,2,2,2,2,2,1,2,1,2,1,2
5211656,48,4,2,4,1,1,6,10,2,2,3,3,3,3,3,2,1,1,2,2,3,3,3
5211572,55,5,1,6,2,3,6,10,2,2,3,2,2,2,1,2,2,3,2,1,1,1,1
5211571,41,4,2,8,3,3,6,10,1,2,2,2,2,2,2,2,2,2,2,2,2,2,2
5211573,56,5,2,10,3,3,6,10,1,1,1,1,2,2,1,2,2,2,1,1,2,1,2
5211121,71,6,1,3,1,3,6,10,1,2,2,2,2,2,3,3,2,2,2,2,2,2,2
5211628,38,3,2,9,3,1,6,10,1,2,2,2,2,3,3,2,3,2,2,2,2,2,3
5211636,57,5,2,6,2,1,6,10,1,2,2,2,2,2,2,2,2,2,2,3,4,1,2
5211634,27,2,2,7,2,1,6,10,2,2,3,2,3,3,3,3,2,2,4,3,2,1,3
5211635,55,5,1,6,2,1,6,10,1,1,1,1,1,1,1,1,1,1,1,2,2,2,2
5211737,51,4,1,10,3,4,7,13,1,2,2,2,2,2,2,2,2,2,2,2,2,2,2
5211721,32,3,1,4,1,4,7,13,1,2,2,4,4,4,4,2,2,2,2,4,4,4,4
5211738,34,3,2,10,3,4,7,13,1,1,1,2,3,4,4,3,2,2,4,2,2,2,4
5211736,66,6,1,3,1,4,7,13,1,2,2,2,2,2,2,2,2,2,2,2,2,2,2
5211716,70,6,2,3,1,4,7,13,1,2,2,1,2,2,2,2,2,2,2,1,2,1,2
5211715,69,6,2,3,1,4,7,13,1,2,2,1,2,2,3,2,2,2,2,2,2,2,2
5211307,57,5,2,10,3,1,7,13,1,1,1,2,2,9,2,2,2,2,9,2,2,2,4
5211268,29,2,1,10,3,1,7,13,1,3,2,1,2,2,1,2,2,1,4,2,2,1,1
5211720,19,1,1,2,1,2,7,13,1,2,2,3,3,3,3,3,2,2,3,3,3,2,4
5211585,19,1,2,2,1,1,7,13,1,2,1,2,2,2,2,2,2,2,2,2,2,2,2
5211557,33,3,1,6,2,1,7,13,1,2,2,1,2,2,2,2,1,2,2,2,2,1,2
5211705,49,4,2,8,3,2,7,13,2,2,3,2,9,3,2,9,4,4,9,2,9,9,3
5211495,73,6,1,6,2,1,7,13,1,1,1,1,2,2,2,2,2,2,2,1,1,2,2
5211704,50,4,2,5,2,2,7,13,1,2,2,2,4,3,4,9,2,1,9,2,9,9,3
5211706,35,3,1,10,3,2,7,13,1,2,2,1,2,2,1,2,2,3,2,2,2,1,1
5211703,48,4,2,6,2,2,7,13,1,2,2,2,3,3,3,2,2,2,1,2,2,2,2
5211289,26,2,2,9,3,3,7,13,2,2,3,1,9,9,9,3,9,9,9,2,2,2,2
5211288,70,6,1,6,2,3,7,13,2,2,3,4,4,4,4,NA,2,NA,2,4,3,3,2
5211309,62,5,2,6,2,3,7,13,2,2,3,2,3,3,3,3,2,2,3,3,2,2,3
5211615,42,4,1,10,3,3,7,13,1,2,1,1,1,1,1,4,2,2,4,1,3,1,1
5211513,36,3,2,6,2,4,7,13,1,2,2,2,3,2,3,2,2,2,2,3,3,1,4
5211530,32,3,1,3,1,4,7,13,1,2,2,2,3,2,3,2,2,2,2,2,2,2,4
5211525,21,2,1,7,2,4,7,13,1,2,1,1,3,2,1,9,2,2,9,1,9,1,1
5211526,59,5,1,5,2,4,7,13,1,2,2,3,3,3,3,2,2,2,2,3,3,2,3
5211542,36,3,1,6,2,1,7,13,1,1,2,1,2,2,1,2,1,1,2,2,3,2,2
5211543,51,4,1,10,3,1,7,13,1,2,2,2,3,3,2,2,1,1,2,3,4,1,2
5211870,61,5,2,6,2,3,7,13,1,2,2,3,4,3,3,2,2,2,2,3,3,2,2
5211627,31,3,2,6,2,5,7,13,1,2,2,2,4,3,3,3,3,4,3,3,2,2,4
5211553,47,4,1,7,2,5,7,13,2,3,3,2,2,3,2,2,2,2,2,2,9,2,3
5211540,75,6,2,6,2,5,7,13,1,2,2,3,4,4,3,2,2,2,2,4,2,1,1
5211739,61,5,2,4,1,1,7,13,1,2,2,9,3,3,9,9,1,2,2,2,2,9,3
5211859,60,5,1,3,1,3,7,13,1,2,1,2,3,3,3,2,2,2,2,2,3,2,2
5211828,65,6,2,3,1,3,7,13,2,3,3,2,3,3,3,9,2,2,9,9,2,9,3
5211845,41,4,1,5,2,3,7,13,1,1,1,1,2,2,2,2,3,2,2,1,2,1,3
5211855,76,6,2,4,1,3,7,13,2,3,3,3,3,3,3,2,2,2,9,3,3,3,2
5211771,30,3,1,2,1,3,7,13,1,4,2,4,4,4,4,3,4,4,4,4,4,3,3
5211851,49,4,2,3,1,3,7,13,2,2,3,3,3,3,3,2,2,2,2,3,2,2,3
5211968,76,6,2,6,2,2,7,13,2,2,3,2,4,4,4,3,3,2,3,3,3,2,2
5211114,19,1,1,2,1,3,7,13,1,1,2,3,3,3,3,2,2,2,2,3,2,2,2
5211576,56,5,2,6,2,3,7,13,2,3,3,3,4,4,4,3,3,4,9,3,9,9,3
5211113,47,4,2,10,3,3,7,13,1,2,2,2,3,3,2,3,3,4,3,2,2,2,4
5211829,52,4,2,3,1,3,7,13,1,2,2,3,4,4,4,3,2,2,3,4,3,2,2
5211830,74,6,2,6,2,3,7,13,2,2,3,4,4,3,4,3,2,2,9,3,2,2,2
5211831,46,4,2,6,2,3,7,13,1,2,2,2,3,3,3,2,2,2,2,2,2,2,3
5211832,66,6,1,6,2,3,7,13,1,2,2,1,3,3,3,2,2,2,2,2,2,2,2
5211751,50,4,2,3,1,2,7,13,1,2,2,2,2,2,2,2,1,1,1,2,2,2,3
5211853,55,5,1,3,1,2,7,13,2,2,3,4,4,4,4,3,2,2,3,4,3,2,1
5211762,58,5,1,10,3,2,7,13,1,2,1,1,2,3,2,3,2,1,2,2,3,2,2
5211483,65,6,1,10,3,1,7,13,1,1,1,1,2,2,1,3,3,3,4,1,3,1,2
5211502,59,5,2,3,1,1,7,13,1,2,2,2,2,2,2,2,1,1,2,2,3,2,3
5211534,18,1,1,2,1,1,7,13,1,1,2,2,3,2,9,9,9,2,3,2,3,2,4
5211929,39,3,2,10,3,1,7,13,1,1,1,2,2,2,2,2,2,2,2,3,2,2,3
5211652,22,2,2,6,2,6,8,14,1,2,2,3,4,3,3,2,2,2,2,3,2,2,3
5211328,80,6,2,4,1,1,5,7,1,2,1,4,3,3,3,9,4,4,2,2,3,2,2
5211330,73,6,2,6,2,3,6,11,1,2,2,2,3,3,3,2,2,2,2,2,2,2,2
5211331,39,3,1,10,3,6,6,11,1,2,2,3,3,3,3,3,3,3,3,2,3,2,1
5211332,53,4,2,5,2,6,6,11,9,3,9,3,4,4,4,4,2,9,4,2,3,1,3
5211333,65,6,1,3,1,3,5,8,1,1,2,1,2,2,2,2,3,4,2,2,3,2,2
5211334,43,4,1,11,3,4,5,8,1,1,2,1,4,4,4,4,2,2,4,3,4,2,3
5211335,67,6,1,6,2,3,5,9,1,2,2,3,3,3,3,2,2,2,2,NA,NA,2,3
5211336,36,3,2,3,1,1,2,2,2,2,3,2,3,2,2,2,2,2,2,2,2,2,3
5211337,46,4,1,7,2,3,2,2,1,2,2,1,2,2,2,2,2,2,2,1,2,2,2
5211338,62,5,1,4,1,4,8,14,2,3,3,2,4,4,4,3,3,3,3,4,4,3,3
5211339,51,4,2,3,1,4,8,14,1,2,2,3,3,3,3,3,3,3,3,3,3,3,3
5211340,69,6,2,3,1,2,4,6,1,2,2,4,4,3,3,2,2,2,2,4,2,2,2
5211341,76,6,1,3,1,1,8,14,1,2,2,3,2,4,3,2,2,3,2,3,2,2,1
5211342,81,6,2,6,2,4,5,8,1,2,2,2,9,3,3,2,2,9,2,2,9,NA,3
5211343,80,6,1,6,2,4,5,8,2,3,3,1,2,2,2,2,2,2,2,1,3,2,2
5211344,53,4,2,7,2,4,5,8,1,2,2,1,1,1,1,2,2,2,2,3,4,3,2
5211345,64,5,1,10,3,4,5,8,1,2,2,1,2,2,2,2,2,1,2,2,2,1,2
5211346,60,5,2,3,1,4,5,8,1,2,2,1,1,3,2,3,2,2,2,2,1,2,2
5211347,76,6,2,7,2,1,2,2,1,2,2,1,1,2,1,3,2,2,2,3,3,2,2
5211348,36,3,2,6,2,4,5,9,1,2,2,2,3,3,3,3,3,3,3,2,2,2,3
5211349,71,6,1,3,1,3,5,7,1,2,2,4,4,4,4,3,2,2,3,4,4,2,2
5211350,66,6,2,6,2,3,5,7,1,2,2,4,4,4,4,4,3,3,4,4,4,3,1
5211351,80,6,2,3,1,2,3,3,1,2,2,2,2,3,3,2,1,2,2,2,2,2,2
5211352,51,4,2,3,1,2,3,3,2,3,3,2,2,2,2,1,1,1,2,2,2,2,2
5211353,36,3,2,4,1,2,3,3,1,2,2,1,3,3,2,2,4,1,1,1,1,1,1
5211354,62,5,2,6,2,4,4,5,1,2,2,3,3,2,3,2,2,2,2,4,3,2,2
5211355,60,5,2,10,3,4,8,14,3,4,4,2,4,4,4,3,3,4,4,1,3,1,1
5211356,79,6,1,10,3,4,2,2,1,2,2,2,3,3,3,4,1,1,3,3,2,1,1
5211357,68,6,2,6,2,5,2,2,1,2,2,3,3,3,3,2,2,2,2,3,2,1,3
5211358,54,4,2,11,3,4,2,2,1,2,2,2,2,2,2,3,3,3,2,2,2,2,2
5211359,39,3,1,10,3,1,6,11,2,3,3,3,3,3,4,3,4,4,4,2,2,1,1
5211360,54,4,2,3,1,3,8,14,3,2,4,4,4,3,3,2,2,2,2,2,2,9,4
5211361,73,6,1,5,2,4,8,14,2,2,3,4,4,4,4,2,2,2,2,3,4,2,1
5211362,81,6,1,7,2,4,2,2,2,2,3,3,4,4,2,2,1,2,2,4,4,1,1
5211363,59,5,2,8,3,2,7,13,1,1,1,1,2,2,2,1,1,1,2,1,2,1,2
5211364,79,6,2,6,2,1,7,13,1,1,2,1,1,2,1,3,3,3,3,1,2,2,2
5211365,58,5,1,7,2,2,5,9,1,1,2,2,2,2,2,2,2,2,2,1,2,1,1
5211366,35,3,2,9,3,2,5,9,1,3,2,4,4,4,4,4,4,4,4,4,4,4,3
5211367,77,6,1,3,1,1,4,6,1,2,2,NA,4,4,4,9,4,4,9,4,NA,2,2
5211368,74,6,2,3,1,4,4,6,2,2,3,4,4,4,4,3,3,3,3,3,2,2,2
5211369,61,5,2,3,1,4,4,6,1,2,2,2,3,3,3,3,2,2,3,2,3,2,2
5211370,76,6,1,3,1,4,4,6,1,2,2,1,2,3,2,9,2,2,9,2,3,2,3
5211371,64,5,2,6,2,4,4,6,2,2,3,3,3,3,3,9,3,9,9,4,9,2,3
5211372,81,6,2,4,1,2,4,6,2,4,3,4,4,4,3,2,2,2,9,3,9,1,3
5211373,55,5,2,4,1,3,2,2,2,3,3,2,3,3,3,2,2,2,3,2,2,2,3
5211374,46,4,2,6,2,3,2,2,1,2,2,1,3,3,3,2,2,2,3,3,2,2,2
5211375,39,3,2,6,2,5,7,12,1,2,2,4,4,4,4,3,3,3,3,4,2,2,2
5211376,56,5,2,3,1,1,5,9,2,2,3,2,3,3,3,2,1,1,2,2,9,9,3
5211377,54,4,1,4,1,2,4,6,2,3,3,3,3,3,3,3,3,3,2,2,2,2,2
5211378,39,3,1,6,2,2,4,6,1,3,2,4,4,3,3,2,2,2,2,2,2,1,3
5211379,50,4,2,6,2,6,8,14,1,2,2,2,3,2,2,2,1,1,2,2,2,1,2
5211380,31,3,1,4,1,6,8,14,2,4,3,1,2,2,2,3,3,3,3,2,3,3,3
5211381,59,5,2,10,3,6,8,14,1,2,2,4,4,4,3,3,3,3,3,3,3,2,2
5211382,55,5,2,3,1,6,8,14,3,2,4,3,2,3,2,3,2,2,2,2,2,2,3
5211383,76,6,2,11,3,6,8,14,1,2,1,2,4,4,2,9,9,1,9,2,3,2,1
5211384,43,4,1,6,2,6,8,14,1,2,2,4,3,3,3,2,2,2,3,3,4,2,2
5211385,38,3,2,4,1,6,8,14,1,1,2,4,4,2,3,4,4,4,4,4,3,3,3
5211386,61,5,2,3,1,6,8,14,3,4,4,3,4,4,4,3,2,2,3,3,3,2,2
5211387,60,5,1,6,2,6,8,14,1,2,2,4,4,4,4,3,2,2,3,4,4,2,1
5211388,71,6,2,6,2,6,8,14,1,2,2,4,4,3,3,2,2,2,3,4,4,3,1
5211389,37,3,1,10,3,4,5,9,1,2,1,3,4,3,2,3,3,2,2,4,4,2,3
5211390,65,6,1,5,2,4,5,9,1,2,2,4,4,3,3,2,2,2,2,4,4,3,1
5211391,47,4,2,3,1,4,5,9,3,4,4,4,4,4,4,4,4,4,4,4,4,3,3
5211392,52,4,2,6,2,3,8,14,1,1,2,2,3,2,2,2,2,1,9,2,NA,2,3
5211393,51,4,2,6,2,4,3,4,2,2,3,2,2,3,3,2,2,2,2,3,3,2,3
5211394,38,3,2,10,3,3,5,9,1,2,2,1,2,2,2,2,2,2,2,2,2,2,2
5211395,60,5,2,5,2,6,1,1,2,2,3,4,4,3,3,3,2,2,3,3,9,2,3
5211396,58,5,2,10,3,6,1,1,1,2,2,4,4,4,3,2,2,2,2,3,2,2,2
5211397,42,4,2,5,2,6,1,1,2,3,3,2,2,2,2,2,2,2,2,2,1,1,4
5211398,49,4,2,6,2,6,1,1,1,2,2,2,3,2,2,3,3,3,2,3,1,2,2
5211399,27,2,1,6,2,6,1,1,2,2,3,3,3,3,3,3,3,2,3,2,2,2,3
5211400,60,5,1,6,2,6,1,1,3,3,4,1,1,2,1,2,1,1,2,1,1,1,1
5211401,75,6,2,6,2,6,1,1,3,3,4,3,4,4,4,2,2,2,3,2,NA,2,2
5211402,53,4,2,7,2,6,1,1,2,2,3,2,3,2,2,2,1,2,2,2,2,2,3
5211403,38,3,2,8,3,6,1,1,2,2,3,3,4,4,2,2,2,2,2,4,4,2,4
5211404,68,6,2,8,3,6,1,1,2,3,3,3,4,4,4,3,3,3,4,3,3,2,3
5211405,41,4,2,10,3,6,1,1,2,2,3,1,2,2,2,2,2,2,2,2,2,2,3
5211406,74,6,2,6,2,6,1,1,1,2,2,1,2,3,2,9,9,9,9,2,3,2,2
5211407,27,2,2,7,2,6,1,1,1,1,1,1,2,1,2,2,2,2,1,2,1,1,3
5211408,46,4,1,6,2,6,1,1,2,4,3,4,4,4,4,4,4,4,4,4,2,2,2
5211409,74,6,2,5,2,6,1,1,1,2,2,3,3,3,3,3,3,3,3,3,3,2,3
5211410,41,4,1,10,3,6,1,1,2,2,3,2,3,3,3,3,3,3,3,2,2,2,2
5211411,75,6,2,7,2,6,1,1,1,2,2,3,3,3,3,2,2,2,2,2,3,2,3
5211412,33,3,2,9,3,6,1,1,2,2,3,2,2,2,2,2,2,9,2,2,9,2,3
5211413,45,4,1,8,3,3,2,2,1,2,2,1,2,3,2,2,3,3,2,1,3,1,2
5211414,41,4,1,6,2,6,1,1,1,1,2,1,3,3,2,3,2,2,3,1,2,2,3
5211415,67,6,2,5,2,6,1,1,2,2,3,3,4,3,2,2,2,2,2,4,3,2,2
5211416,68,6,1,10,3,6,1,1,1,2,2,1,3,3,3,2,2,2,3,3,4,2,1
5211417,67,6,2,5,2,6,1,1,1,2,2,2,4,3,4,2,3,4,2,4,2,2,3
5211418,40,4,2,10,3,6,1,1,1,2,2,2,3,4,4,3,2,2,4,2,2,1,3
5211419,31,3,2,6,2,6,1,1,2,3,3,1,2,2,2,2,2,2,2,2,2,2,3
5211420,35,3,2,5,2,6,1,1,2,4,3,2,4,4,4,4,4,4,4,4,4,4,3
5211421,71,6,2,6,2,6,1,1,2,3,3,3,3,3,3,3,2,2,3,3,4,3,2
5211422,60,5,2,6,2,6,1,1,2,3,3,4,4,4,4,4,4,4,4,4,4,3,4
5211423,69,6,2,5,2,6,1,1,1,2,2,1,2,4,2,2,2,2,3,2,2,1,1
5211424,48,4,2,6,2,6,1,1,1,2,2,2,3,3,3,3,3,3,3,2,2,2,3
5211425,45,4,2,8,3,6,1,1,2,2,3,4,4,4,4,2,2,3,2,3,2,2,2
5211426,76,6,1,6,2,6,1,1,1,1,1,2,4,3,2,9,2,2,2,4,3,2,1
5211427,79,6,1,10,3,4,7,12,1,2,2,1,1,1,2,2,2,2,2,1,3,1,3
5211428,83,6,1,2,1,2,5,7,1,1,1,1,2,2,1,2,2,2,2,1,2,1,3
5211429,81,6,2,8,3,3,5,7,1,2,2,2,3,3,2,3,2,2,4,2,2,1,2
5211430,52,4,2,3,1,3,5,7,2,3,3,2,3,3,3,2,3,3,3,3,2,2,3
5211431,46,4,2,10,3,3,3,3,1,2,2,2,3,4,2,2,2,3,2,2,2,2,2
5211432,70,6,2,7,2,2,5,8,1,2,2,2,3,3,3,2,2,3,2,2,2,2,4
5211433,74,6,1,7,2,4,3,3,1,3,2,2,3,4,2,3,3,3,2,2,2,1,2
5211434,38,3,1,10,3,1,5,9,2,3,3,3,4,3,3,2,2,2,2,2,2,1,2
5211435,50,4,1,10,3,4,3,3,1,3,2,2,3,3,2,2,2,2,2,2,2,1,2
5211436,27,2,1,9,3,4,3,3,3,2,4,2,2,2,2,2,2,2,2,2,2,2,3
5211437,47,4,2,3,1,4,3,3,3,5,5,2,4,4,4,4,3,4,2,2,1,2,3
5211438,79,6,2,3,1,4,3,3,1,2,2,2,4,3,2,2,2,1,9,1,1,2,2
5211439,56,5,2,10,3,1,5,9,1,2,2,3,4,4,3,2,2,2,2,4,4,2,1
5211440,67,6,1,6,2,4,4,6,2,3,3,4,4,4,4,9,9,9,9,4,2,3,1
5211441,68,6,2,3,1,4,4,6,2,2,3,3,4,3,4,3,2,2,4,2,3,2,3
5211442,19,1,2,2,1,5,4,6,1,2,2,3,2,2,2,3,2,3,4,2,2,2,3
5211443,57,5,2,7,2,3,7,13,2,4,3,4,4,3,4,2,2,2,2,3,3,2,1
5211444,30,3,2,3,1,3,2,2,1,1,2,3,3,3,2,3,3,2,3,3,3,3,4
5211445,56,5,1,6,2,3,2,2,3,3,4,2,4,3,3,9,1,1,9,3,9,9,4
5211446,76,6,1,11,3,3,3,3,1,2,2,2,2,3,2,2,3,2,2,2,3,1,2
5211447,83,6,2,6,2,3,3,3,2,3,3,3,4,4,4,2,2,2,2,3,3,2,2
5211448,62,5,2,3,1,1,5,7,2,4,3,3,4,3,4,9,4,4,9,2,9,2,3
5211449,47,4,1,4,1,1,2,2,1,2,2,1,2,2,2,2,2,1,2,1,2,1,3
5211450,51,4,2,6,2,3,4,6,2,3,3,9,3,3,9,3,9,9,9,2,9,2,4
5211451,35,3,1,10,3,4,6,11,1,1,1,2,2,2,2,2,3,3,2,2,2,1,1
5211452,24,2,1,5,2,6,6,11,2,2,3,9,4,4,4,3,9,2,4,2,4,2,4
5211453,78,6,2,8,3,6,1,1,3,3,4,4,4,4,3,3,3,3,4,4,3,9,1
5211329,65,6,1,3,1,3,8,14,1,3,2,4,4,4,4,3,3,3,3,4,4,2,2
5212061,29,2,1,9,3,6,1,1,1,2,1,3,1,2,9,2,9,9,1,4,4,2,2
5212179,35,3,1,5,2,6,1,1,1,3,2,NA,3,2,1,2,9,3,3,1,2,1,1
5212115,58,5,1,3,1,6,1,1,2,2,3,1,3,3,2,2,2,2,3,1,3,1,3
5212045,44,4,1,3,1,6,1,1,2,2,3,3,3,3,3,3,3,3,3,2,3,2,4
5212100,36,3,1,10,3,6,1,1,1,1,2,1,2,2,2,2,2,1,2,1,3,1,3
5212172,39,3,1,3,1,6,1,1,1,1,2,2,3,3,3,3,3,2,3,1,3,1,3
5212173,28,2,2,9,3,6,1,1,1,1,1,1,2,2,2,2,2,2,2,1,2,1,4
5212063,43,4,2,10,3,6,1,1,1,1,1,2,2,2,2,2,2,2,2,2,2,2,3
5212088,28,2,2,6,2,6,1,1,2,2,3,2,3,3,3,3,2,2,3,2,3,2,3
5212166,33,3,2,6,2,6,1,1,1,1,2,2,2,2,2,2,2,2,2,2,2,1,2
5212171,43,4,1,3,1,6,1,1,2,2,3,2,2,2,2,2,2,2,2,1,3,2,3
5212046,41,4,1,10,3,6,1,1,1,1,1,1,2,2,2,2,2,2,2,1,3,2,3
5212170,54,4,1,10,3,6,1,1,3,3,4,2,2,2,2,2,2,2,2,1,3,1,3
5212165,35,3,1,10,3,6,1,1,1,1,1,1,2,2,2,2,2,2,2,1,2,1,3
5212167,45,4,2,3,1,6,1,1,2,2,3,1,2,2,2,2,2,2,2,1,2,1,3
5212168,45,4,1,10,3,6,1,1,2,2,3,1,2,2,2,3,2,2,2,1,2,1,3
5212044,43,4,1,10,3,6,1,1,1,1,1,1,2,2,2,2,2,2,1,1,3,1,3
5212169,35,3,2,3,1,6,1,1,3,2,4,3,4,3,3,3,3,3,3,2,3,2,4
5212155,69,6,1,8,3,1,6,10,2,2,3,3,4,4,4,3,NA,2,3,4,4,3,NA
5212124,32,3,1,8,3,1,6,10,1,2,2,1,2,3,2,2,1,1,3,2,3,2,2
5212125,48,4,1,10,3,1,6,10,1,1,1,2,3,3,3,3,2,2,3,3,9,2,3
5212043,30,3,2,6,2,1,6,10,1,2,2,3,4,4,3,3,2,2,3,2,3,2,4
5212025,55,5,1,6,2,1,6,10,1,2,2,2,3,2,2,2,2,2,2,3,4,2,1
5212127,52,4,2,6,2,1,6,10,1,1,1,1,3,2,2,2,2,2,2,2,1,2,2
5212095,28,2,1,4,1,1,6,10,1,1,1,1,3,3,2,2,2,2,2,2,2,2,3
5212052,57,5,2,6,2,1,6,10,1,2,2,2,NA,3,9,9,4,4,9,NA,3,9,NA
5211964,19,1,2,2,1,1,6,10,1,2,1,1,2,2,2,2,2,1,1,1,1,1,2
5212128,45,4,1,3,1,1,6,10,2,2,3,1,3,3,3,2,2,2,2,1,2,1,2
5212126,57,5,2,6,2,1,6,10,1,3,2,3,3,3,4,2,1,1,2,2,2,2,2
5212134,50,4,2,6,2,2,6,10,2,2,3,2,3,3,3,2,2,2,2,3,2,2,3
5212066,58,5,1,6,2,2,6,10,2,4,3,4,4,3,3,3,2,2,9,3,9,2,3
5212020,19,1,2,2,1,3,6,10,1,2,1,1,2,3,2,2,2,2,2,3,2,2,3
5212106,55,5,1,6,2,3,6,10,1,3,2,2,4,3,4,2,2,2,4,3,3,2,3
5212107,50,4,1,3,1,3,6,10,1,2,2,2,3,3,2,2,2,2,2,2,2,2,2
5212139,33,3,1,6,2,3,6,10,1,2,2,1,2,2,2,2,3,3,2,1,3,2,2
5212102,31,3,2,2,1,4,6,10,1,1,1,2,2,3,2,2,2,1,2,2,2,1,3
5212103,40,4,2,5,2,4,6,10,1,2,2,2,4,4,3,3,3,3,3,2,2,2,4
5212138,69,6,2,3,1,4,6,10,1,1,1,2,2,2,2,2,2,2,2,4,2,2,2
5212129,27,2,1,3,1,4,6,10,1,2,2,2,3,3,2,4,4,4,3,2,4,1,2
5212130,79,6,1,6,2,4,6,10,1,1,1,1,2,2,2,2,2,2,2,2,2,1,2
5212097,59,5,1,3,1,1,6,11,2,3,3,2,3,3,3,2,2,2,2,2,2,2,2
5212053,60,5,1,3,1,1,6,11,1,2,2,2,3,3,3,2,1,1,NA,2,2,NA,3
5212054,46,4,2,3,1,1,6,11,2,2,3,3,3,3,3,2,2,2,2,2,2,2,3
5211999,51,4,2,6,2,1,6,11,1,3,2,3,4,4,4,2,2,2,2,4,2,2,NA
5212055,61,5,1,6,2,1,6,11,2,2,3,2,4,4,3,3,2,2,3,2,2,1,2
5212099,51,4,2,3,1,1,6,11,2,2,3,2,3,3,3,2,2,2,2,2,9,9,2
5212028,32,3,2,3,1,1,6,11,1,2,2,4,3,3,3,9,9,1,9,9,9,9,4
5211982,62,5,1,6,2,1,6,11,1,1,1,2,3,3,3,3,3,4,3,3,4,2,1
5212000,36,3,1,5,2,1,6,11,1,2,2,1,2,3,2,2,2,4,3,4,3,2,3
5212001,69,6,1,8,3,1,6,11,1,2,2,NA,3,3,3,2,2,2,2,NA,NA,2,2
5212098,41,4,2,3,1,1,6,11,1,2,2,3,3,3,3,2,2,2,2,2,2,2,3
5212081,65,6,1,4,1,1,6,11,1,2,2,1,1,2,2,2,2,2,1,2,2,2,2
5212082,77,6,1,7,2,1,6,11,1,2,2,4,4,4,4,3,1,1,3,4,2,2,2
5212112,22,2,1,6,2,1,6,11,2,3,3,2,3,9,9,9,4,2,9,2,9,9,3
5212002,33,3,2,10,3,2,6,11,1,2,2,2,3,3,3,2,2,2,2,3,3,2,3
5211953,58,5,2,10,3,2,6,11,1,2,2,3,4,4,4,3,3,2,3,2,2,2,3
5211944,31,3,2,9,3,2,6,11,1,2,2,3,3,3,3,3,2,2,3,3,3,2,3
5211945,21,2,1,6,2,2,6,11,1,3,2,1,2,3,3,2,2,3,3,4,3,2,3
5211943,73,6,2,6,2,2,6,11,1,2,1,1,2,2,9,2,2,1,9,2,3,2,2
5212005,25,2,1,5,2,3,6,11,3,4,4,4,4,3,4,3,3,3,4,4,3,2,2
5212056,81,6,1,6,2,3,6,11,2,2,3,3,3,2,3,2,2,2,2,3,2,2,2
5212057,77,6,2,7,2,3,6,11,1,1,1,4,4,4,3,3,2,2,9,3,9,2,NA
5212058,44,4,1,3,1,3,6,11,2,2,3,2,3,3,2,2,2,2,2,2,3,2,2
5211965,38,3,2,9,3,4,6,11,1,2,2,2,4,3,4,3,3,3,2,3,2,3,3
5211980,66,6,1,6,2,4,6,11,1,1,2,2,3,3,2,2,2,2,1,1,2,1,2
5211981,70,6,2,3,1,4,6,11,1,2,2,1,1,2,2,2,2,1,1,2,2,2,2
5212114,65,6,2,10,3,4,6,11,1,2,2,2,2,2,2,3,3,2,3,4,3,2,3
5211983,71,6,1,3,1,4,6,11,1,1,1,4,3,3,3,1,1,1,2,3,4,3,3
5212113,52,4,1,5,2,4,6,11,1,2,2,4,4,3,2,2,2,2,2,3,3,1,1
5211979,71,6,1,6,2,4,6,11,1,2,2,3,3,3,3,9,2,2,9,3,3,2,2
5212019,75,6,1,7,2,6,6,11,1,2,2,3,4,3,3,3,2,2,2,3,2,2,1
5212048,34,3,2,4,1,6,6,11,2,2,3,2,2,2,2,2,2,2,2,2,2,3,3
5212161,68,6,1,3,1,6,6,11,3,3,4,4,4,4,2,2,2,2,3,2,2,1,2
5212004,56,5,2,3,1,6,6,11,1,1,1,2,2,4,2,2,NA,2,2,2,2,2,2
5211947,19,1,2,2,1,1,7,12,1,4,1,3,3,4,3,3,1,2,4,3,4,2,4
5212087,34,3,2,10,3,1,7,12,1,1,1,1,1,2,2,2,2,2,2,2,2,1,2
5211991,63,5,2,4,1,1,7,12,1,2,2,3,3,3,3,9,2,2,2,9,9,2,2
5211995,20,2,2,2,1,1,7,12,1,2,1,2,3,2,3,2,1,1,1,2,2,2,4
5211998,20,2,1,6,2,1,7,12,1,3,2,1,2,2,1,3,3,3,3,1,2,1,1
5212016,54,4,1,5,2,3,7,12,2,3,3,4,4,4,3,3,2,2,4,3,4,4,3
5212031,59,5,2,6,2,3,7,12,2,3,3,4,4,NA,2,NA,2,2,NA,3,2,2,3
5211992,16,1,1,1,1,3,7,12,1,2,2,9,4,3,3,9,3,9,9,4,2,3,3
5212029,62,5,2,3,1,3,7,12,1,2,2,2,2,2,2,2,2,2,2,2,2,2,2
5212047,81,6,2,3,1,4,7,12,2,3,3,4,4,3,4,3,3,3,3,4,4,3,1
5212065,44,4,1,6,2,4,7,12,2,2,3,2,3,3,3,3,2,2,3,3,3,2,2
5212051,35,3,2,5,2,4,7,12,1,2,2,4,4,4,3,9,3,9,9,4,4,2,3
5212068,51,4,1,6,2,4,7,12,1,1,2,1,2,2,2,2,2,2,2,2,3,1,2
5212089,69,6,1,10,3,4,7,12,2,2,3,2,3,3,2,9,3,2,9,2,2,1,2
5212050,37,3,2,2,1,4,7,12,1,1,1,2,3,2,2,2,1,1,2,2,1,1,3
5212069,26,2,2,6,2,4,7,12,2,2,3,2,3,4,3,9,3,2,2,2,2,1,3
5212094,39,3,2,4,1,5,7,12,1,2,2,2,3,3,3,3,2,2,3,2,2,3,3
5212162,58,5,1,5,2,1,7,13,1,2,2,2,2,2,NA,9,3,3,9,2,2,2,2
5212163,47,4,2,3,1,1,7,13,1,2,2,NA,2,2,2,NA,NA,1,2,NA,NA,NA,1
5212164,53,4,1,10,3,2,7,13,1,1,1,1,1,2,1,2,1,1,3,1,1,1,1
5212157,55,5,2,5,2,2,7,13,1,2,2,3,4,3,3,2,2,2,2,2,2,2,2
5212158,64,5,2,3,1,2,7,13,1,2,2,2,3,3,2,9,2,2,9,2,3,2,2
5212160,56,5,2,3,1,2,7,13,1,2,2,1,2,2,2,9,2,2,2,1,2,1,3
5212159,46,4,1,3,1,2,7,13,1,2,2,3,4,3,3,2,2,2,2,3,2,2,2
5212037,47,4,1,4,1,5,7,13,3,3,4,3,3,3,3,2,2,2,2,3,4,2,2
5212036,32,3,2,10,3,5,7,13,1,2,2,2,3,NA,2,4,3,4,4,3,9,NA,3
5212035,69,6,1,10,3,5,7,13,1,2,2,4,4,4,4,2,3,3,2,3,4,2,1
5212032,43,4,1,4,1,5,7,13,2,2,3,1,2,2,2,2,3,3,3,2,3,2,2
5212033,65,6,2,6,2,5,7,13,2,1,3,2,3,3,9,9,2,2,2,3,2,2,3
5212034,75,6,2,8,3,5,7,13,2,2,3,4,4,4,4,2,2,3,3,4,4,3,2
5212018,74,6,1,10,3,5,7,13,1,2,2,2,3,3,2,3,2,2,2,2,3,1,2
5212017,70,6,1,6,2,5,7,13,2,2,3,3,4,3,4,3,2,2,2,4,4,2,2
5211956,70,6,2,10,3,1,8,14,1,2,2,2,1,2,2,3,2,2,3,1,1,1,1
5212022,25,2,1,7,2,1,8,14,1,2,2,1,2,2,1,3,2,2,2,1,2,1,2
5212021,21,2,2,7,2,1,8,14,1,2,1,1,3,3,3,9,9,2,9,2,2,1,3
5212153,48,4,1,5,2,2,8,14,1,2,2,2,3,4,4,NA,1,1,3,2,3,2,2
5212152,51,4,1,3,1,2,8,14,3,4,5,4,4,4,4,4,3,3,3,4,4,2,2
5212175,58,5,1,3,1,2,8,14,2,2,3,4,3,3,4,3,3,2,3,3,3,2,2
5211955,45,4,1,10,3,3,8,14,2,2,3,2,3,3,3,3,2,4,3,3,3,2,3
5211971,59,5,2,3,1,3,8,14,2,3,3,4,4,4,4,9,3,3,9,4,3,9,1
5211958,50,4,1,6,2,3,8,14,1,2,2,2,3,3,2,9,9,9,9,3,2,2,2
5211970,49,4,2,6,2,3,8,14,1,3,2,2,3,9,9,9,2,2,9,2,2,3,3
5211967,33,3,1,9,3,3,8,14,1,1,1,2,2,2,2,9,2,2,9,2,9,2,2
5211952,81,6,1,6,2,4,8,14,1,2,2,2,2,2,2,2,2,2,2,2,3,2,3
5211950,54,4,2,3,1,4,8,14,1,2,2,1,3,2,2,2,2,2,2,2,2,2,3
5211951,39,3,1,10,3,4,8,14,1,2,2,1,2,3,2,3,2,2,3,1,2,2,2
5212096,65,6,2,6,2,4,8,14,2,1,3,4,4,4,4,2,3,4,3,4,3,3,3
5212133,77,6,2,6,2,5,8,14,1,2,2,4,4,4,4,2,2,1,2,3,3,2,2
5212132,32,3,1,6,2,5,8,14,1,2,2,2,3,3,2,2,2,2,2,3,3,2,2
5212131,72,6,2,6,2,5,8,14,1,2,2,1,3,3,3,2,2,2,2,2,2,2,2
5212085,65,6,1,10,3,6,8,14,1,1,2,3,3,3,3,2,2,2,2,3,2,1,2
5212086,36,3,1,6,2,6,8,14,1,2,2,2,2,3,2,2,2,2,2,2,3,1,2
5212151,47,4,1,6,2,6,8,14,1,2,2,2,3,4,3,3,3,3,3,3,3,1,3
5212078,64,5,2,10,3,6,8,14,1,2,1,1,1,2,1,2,2,2,2,1,3,1,2
5212042,50,4,1,4,1,1,2,2,1,2,2,4,4,4,4,2,2,1,2,4,4,4,1
5212012,31,3,1,9,3,1,2,2,1,2,2,2,3,3,3,2,2,2,2,2,9,2,1
5212147,37,3,2,6,2,1,2,2,1,2,2,3,4,4,3,2,3,2,2,2,2,1,3
5212122,70,6,1,3,1,1,2,2,3,2,4,3,4,4,4,3,2,2,2,2,3,2,3
5212121,60,5,1,3,1,1,2,2,3,4,5,3,4,3,3,3,2,3,3,2,3,2,4
5212123,55,5,2,3,1,1,2,2,1,2,2,2,3,3,2,2,1,1,2,2,3,1,3
5212120,46,4,2,3,1,1,2,2,3,3,4,3,4,4,3,3,2,2,2,2,3,4,4
5212184,44,4,1,7,2,1,2,2,1,1,1,1,2,2,2,1,1,2,1,1,2,1,1
5211997,63,5,1,11,3,2,2,2,1,2,2,1,2,2,2,9,2,2,9,1,2,1,1
5212072,51,4,1,3,1,2,2,2,3,2,4,2,3,3,3,3,2,2,2,2,3,2,3
5212117,37,3,2,3,1,2,2,2,2,2,3,2,3,3,3,3,2,2,2,2,3,2,4
5212070,57,5,1,3,1,2,2,2,1,2,2,2,3,3,3,1,2,1,2,2,3,1,3
5212116,78,6,2,3,1,2,2,2,1,1,2,3,4,3,3,2,2,2,2,1,3,1,4
5212071,49,4,1,3,1,2,2,2,2,2,3,1,3,3,3,3,2,2,2,2,3,1,3
5211975,50,4,2,10,3,3,2,2,1,2,1,2,9,3,2,9,3,3,9,2,9,2,3
5212145,51,4,2,8,3,3,2,2,1,2,2,4,4,3,4,4,3,3,3,4,2,2,3
5212146,75,6,2,7,2,3,2,2,1,1,1,2,3,4,4,3,3,2,4,2,3,2,2
5212136,53,4,1,3,1,3,2,2,1,2,2,3,2,2,2,2,2,1,2,2,3,3,3
5212137,17,1,1,2,1,3,2,2,1,2,2,2,3,3,9,9,2,1,2,1,9,2,4
5212135,47,4,2,3,1,3,2,2,1,2,2,2,3,3,2,2,2,2,2,2,2,2,3
5211976,45,4,1,10,3,4,2,2,2,2,3,1,2,3,3,3,3,3,3,2,2,2,2
5211957,18,1,2,2,1,4,2,2,1,2,2,1,2,3,2,2,3,2,2,1,1,1,2
5211946,64,5,2,6,2,1,3,3,2,2,3,1,3,3,3,2,3,3,2,3,2,2,2
5212067,78,6,1,11,3,1,3,3,1,2,2,NA,2,9,NA,2,2,2,2,3,2,2,2
5212079,20,2,2,7,2,1,3,3,1,2,2,3,4,4,3,2,2,4,2,3,2,2,2
5212080,70,6,2,4,1,1,3,3,1,1,1,4,4,3,4,2,2,2,2,3,3,2,2
5211978,71,6,2,2,1,1,3,3,2,2,3,3,4,4,4,2,1,1,1,2,3,2,2
5212142,29,2,2,10,3,1,3,3,1,2,2,1,2,2,2,3,2,2,3,2,2,1,2
5212143,72,6,1,6,2,1,3,3,1,2,2,2,3,3,4,3,2,3,2,3,2,9,2
5212144,58,5,2,6,2,1,3,3,1,2,2,1,3,3,3,2,2,2,2,2,2,2,3
5212007,80,6,1,6,2,3,3,3,1,2,2,3,4,3,9,9,3,4,2,2,3,2,3
5212013,50,4,1,6,2,3,3,3,1,2,2,1,3,3,3,2,2,2,2,2,2,2,3
5212014,66,6,2,6,2,3,3,3,1,2,1,9,2,3,9,2,2,4,2,2,1,1,3
5212008,47,4,2,3,1,3,3,3,2,2,3,2,3,3,3,3,2,3,3,3,2,2,4
5212006,37,3,1,6,2,3,3,3,1,2,2,1,2,2,2,2,2,2,2,2,2,3,1
5212015,49,4,2,10,3,5,3,3,1,1,2,1,2,2,2,2,2,2,3,2,3,3,2
5212062,69,6,2,6,2,5,3,3,2,3,3,2,3,3,2,2,9,2,2,2,2,2,2
5212039,56,5,2,4,1,5,3,3,2,2,3,3,3,3,3,3,3,3,3,3,3,3,3
5211994,80,6,2,7,2,5,3,3,3,4,4,1,2,2,2,3,2,1,2,2,1,1,1
5211989,63,5,2,6,2,5,3,3,1,2,2,4,4,3,4,3,3,3,3,4,3,3,3
5211993,39,3,1,6,2,5,3,3,2,4,3,2,3,3,3,3,2,3,3,2,2,2,4
5212083,24,2,1,8,3,1,3,4,1,2,2,9,NA,9,9,9,2,2,9,9,2,2,3
5212108,33,3,2,10,3,1,3,4,1,2,2,2,4,4,3,3,2,2,3,2,2,2,1
5211948,50,4,1,3,1,2,3,4,1,1,2,2,3,3,2,3,2,2,3,2,2,1,3
5211942,72,6,1,6,2,2,3,4,1,2,2,4,3,1,4,2,2,2,1,3,2,NA,2
5212154,26,2,2,9,3,3,3,4,1,1,1,2,2,2,2,2,3,3,2,1,2,1,2
5212148,16,1,2,2,1,3,3,4,1,1,1,2,1,1,1,2,2,1,1,1,3,2,2
5211996,22,2,2,6,2,5,3,4,1,1,2,2,3,3,3,2,3,4,2,2,2,1,3
5212185,45,4,2,6,2,3,4,5,2,3,3,4,4,4,4,3,4,3,3,4,3,2,3
5212140,64,5,1,5,2,4,4,5,1,1,2,2,3,3,2,2,2,2,2,2,3,2,2
5212141,75,6,1,6,2,4,4,5,1,2,1,2,4,3,2,2,2,2,2,3,3,2,2
5212101,75,6,1,6,2,4,4,5,1,4,2,3,4,3,3,3,3,3,3,2,3,3,3
5212009,19,1,1,2,1,2,4,6,3,2,4,1,2,2,1,3,3,3,3,1,2,1,1
5212010,55,5,2,5,2,2,4,6,2,3,3,4,3,4,3,3,3,3,9,4,3,3,3
5212011,52,4,1,3,1,2,4,6,1,2,1,1,3,2,2,2,1,2,1,2,1,2,2
5212030,75,6,2,2,1,2,4,6,1,1,2,4,4,4,4,2,2,2,2,4,1,2,1
5212059,52,4,1,10,3,3,4,6,1,2,1,4,4,4,3,2,2,2,1,2,3,3,2
5212060,26,2,1,10,3,3,4,6,1,2,2,1,2,2,2,2,2,2,2,1,2,1,2
5212090,17,1,2,2,1,3,4,6,1,2,2,2,2,2,2,2,2,NA,9,2,9,9,3
5212091,48,4,2,6,2,3,4,6,1,2,2,2,2,2,2,2,2,2,2,2,2,2,3
5212092,48,4,1,6,2,3,4,6,1,2,2,2,3,3,4,2,3,3,2,2,3,1,3
5212084,68,6,2,2,1,3,4,6,1,2,2,2,2,3,3,2,1,1,1,2,2,1,3
5212093,54,4,2,3,1,3,4,6,1,2,2,2,3,3,3,2,2,2,2,2,2,2,3
5212118,20,2,1,7,2,3,4,6,1,2,1,1,1,2,1,2,2,1,3,1,2,1,2
5212119,46,4,2,10,3,3,4,6,1,2,2,2,3,3,9,3,3,3,9,2,2,2,3
5211990,16,1,2,2,1,3,4,6,1,4,1,2,3,2,3,2,3,2,9,3,2,1,4
5212176,51,4,1,6,2,4,4,6,1,2,2,3,4,3,3,2,2,2,2,3,4,2,2
5212177,15,1,2,1,1,4,4,6,1,3,2,2,NA,2,3,3,3,1,NA,3,2,2,4
5212178,37,3,2,3,1,4,4,6,3,4,4,1,1,2,3,2,3,3,3,1,1,1,2
5212156,42,4,2,5,2,4,4,6,1,2,2,1,1,1,1,1,1,1,9,2,9,2,4
5212105,76,6,1,3,1,4,5,7,1,2,2,1,3,2,2,2,1,1,2,2,2,2,2
5212104,33,3,2,10,3,4,5,7,2,2,3,1,1,2,1,2,2,2,2,1,2,2,2
5211969,60,5,2,3,1,4,5,7,2,2,3,3,3,2,2,4,4,4,4,2,2,1,2
5211977,51,4,2,8,3,4,5,7,1,2,2,2,2,3,2,2,2,2,2,3,2,2,3
5211985,41,4,2,6,2,4,5,7,2,2,3,1,2,2,2,2,3,2,2,2,1,1,3
5212149,57,5,1,5,2,1,5,8,2,3,3,2,4,3,4,3,1,1,3,3,4,2,3
5212150,61,5,2,6,2,1,5,8,2,2,3,1,2,2,2,2,2,1,2,2,3,1,3
5211988,76,6,2,6,2,1,5,8,2,3,3,2,3,2,3,1,1,1,1,3,3,2,2
5212024,78,6,1,10,3,1,5,8,1,2,1,1,NA,2,2,2,2,NA,2,2,2,1,1
5212040,29,2,1,4,1,1,5,8,1,2,1,2,4,4,3,2,3,4,2,2,2,3,3
5212041,69,6,2,10,3,1,5,8,1,2,2,1,3,3,3,2,1,2,2,2,3,1,2
5212110,68,6,2,8,3,2,5,8,1,3,2,1,1,2,1,3,2,9,2,2,9,1,2
5212109,72,6,1,4,1,2,5,8,2,3,3,4,4,4,3,4,4,3,3,4,4,3,2
5212111,68,6,2,10,3,2,5,8,1,1,1,2,3,3,3,2,2,2,2,2,9,9,3
5212174,60,5,1,7,2,3,5,8,1,2,1,2,4,3,NA,1,2,2,1,3,4,3,2
5212180,67,6,2,3,1,5,5,8,1,2,2,2,9,9,9,9,9,2,9,2,2,9,3
5212076,34,3,2,7,2,5,5,8,1,1,1,2,3,3,3,2,2,2,2,3,2,2,4
5212183,70,6,1,6,2,5,5,8,1,1,1,1,2,3,2,2,2,2,3,2,2,1,2
5212075,42,4,1,10,3,5,5,8,1,2,2,2,2,3,2,2,1,1,2,2,2,1,4
5212074,34,3,1,5,2,5,5,8,1,3,2,2,3,4,2,3,4,2,2,2,1,1,4
5212182,48,4,1,10,3,5,5,8,1,2,1,1,2,2,1,2,1,1,2,2,3,1,2
5212077,81,6,1,3,1,5,5,8,1,2,2,1,1,2,2,2,1,2,2,2,2,2,1
5211963,62,5,2,3,1,1,5,9,1,1,1,3,3,3,3,2,2,2,2,2,3,3,3
5211962,41,4,1,6,2,1,5,9,2,3,3,3,3,3,3,3,3,3,2,3,3,2,2
5212064,65,6,2,10,3,1,5,9,1,2,2,2,2,2,2,2,1,1,2,2,2,2,2
5212181,40,4,2,4,1,1,5,9,2,2,3,2,3,NA,NA,NA,3,3,NA,3,2,2,3
5211949,76,6,2,10,3,5,5,9,2,4,3,1,4,2,4,3,3,2,4,4,3,3,3
5211966,39,3,2,3,1,5,5,9,1,1,2,3,3,3,3,2,2,2,2,2,2,2,2
5211959,34,3,2,10,3,5,5,9,1,1,2,1,3,3,2,2,2,2,2,1,2,1,2
